Incident_ID,Timestamp,Service,Incident_Type,Description,Root_Cause,Resolution,Time_To_Resolve_Mins
INC-1024,2025-06-15 10:52:54,Kubernetes Cluster,Resource Exhaustion,DNS resolution failures in internal VPC.,Network partition between primary and secondary availability zones.,Flushed Redis cache and restarted worker instances.,146
INC-1039,2025-06-15 14:27:54,Auth-Service,Service Outage,DNS resolution failures in internal VPC.,Network partition between primary and secondary availability zones.,Restarted kubelet service on affected worker nodes.,140
INC-1296,2025-06-15 16:29:54,Analytics-Worker,Network Timeout,Jenkins build pipeline failing on integration tests.,Long-running queries locked database tables.,Cleared docker builder cache and expanded runner EBS volume.,64
INC-1120,2025-06-17 17:31:54,CI/CD Pipeline,Security Alert,High CPU utilization detected on primary nodes.,Deadlock in concurrent transaction processing.,Restarted kubelet service on affected worker nodes.,160
INC-1214,2025-06-17 18:10:54,Redis-Cache,Security Alert,Disk space critical: > 95% utilized on /var/log.,Expired TLS certificate on internal load balancer.,Scaled up replicas from 3 to 10 to handle the load.,146
INC-1340,2025-06-19 00:35:54,Redis-Cache,Security Alert,Redis cache eviction rate spiked.,Surge in unexpected traffic overwhelmed the service capacity.,Restarted kubelet service on affected worker nodes.,69
INC-1177,2025-06-19 21:33:54,CI/CD Pipeline,Security Alert,502 Bad Gateway errors observed from load balancer.,Recent deployment introduced a memory leak.,Rebooted unresponsive nodes and cordoned them for investigation.,77
INC-1332,2025-06-20 03:32:54,Redis-Cache,Performance Degradation,High CPU utilization detected on primary nodes.,Deadlock in concurrent transaction processing.,Implemented exponential backoff and contacted vendor for quota increase.,171
INC-1291,2025-06-20 21:52:54,Frontend-UI,Network Timeout,Jenkins build pipeline failing on integration tests.,Misconfigured security group blocked inter-node traffic.,Cleared docker builder cache and expanded runner EBS volume.,129
INC-1211,2025-06-21 00:33:54,Analytics-Worker,Deployment Failure,API response times exceeded 2000ms threshold.,Upstream API dependency rate-limited our service requests.,Increased pod resource limits (memory) in Helm chart and redeployed.,18
INC-1434,2025-06-21 05:24:54,CI/CD Pipeline,Resource Exhaustion,Kafka consumer lag building up beyond alerting threshold.,Deadlock in concurrent transaction processing.,Restarted kubelet service on affected worker nodes.,77
INC-1327,2025-06-21 09:37:54,Inventory-DB,Deployment Failure,Kafka consumer lag building up beyond alerting threshold.,Expired TLS certificate on internal load balancer.,Killed the blocking database queries and added missing indexes.,181
INC-1076,2025-06-23 11:12:54,Kubernetes Cluster,Security Alert,Redis cache eviction rate spiked.,Network partition between primary and secondary availability zones.,Rolled back to the previous stable release and initiated RCA.,22
INC-1351,2025-06-24 06:00:54,Kafka-Cluster,Network Timeout,Jenkins build pipeline failing on integration tests.,Deadlock in concurrent transaction processing.,"Cleared old logs, freed 20GB, and fixed logrotate cron job.",209
INC-1167,2025-06-25 07:44:54,Inventory-DB,Deployment Failure,Pods are stuck in CrashLoopBackOff state.,Misconfigured security group blocked inter-node traffic.,Killed the blocking database queries and added missing indexes.,180
INC-1070,2025-06-26 01:57:54,User-API,Database Error,Memory leak causing OOM (Out of Memory) kills.,"Log rotation failed, filling up disk space.",Flushed Redis cache and restarted worker instances.,237
INC-1365,2025-06-26 12:59:54,Kubernetes Cluster,Network Timeout,API response times exceeded 2000ms threshold.,Long-running queries locked database tables.,"Cleared old logs, freed 20GB, and fixed logrotate cron job.",124
INC-1087,2025-06-27 12:51:54,Kubernetes Cluster,Resource Exhaustion,SSL Certificate expiration warning.,Upstream API dependency rate-limited our service requests.,Renewed and deployed updated TLS certificates via Let's Encrypt.,203
INC-1439,2025-06-27 18:27:54,Payment-Gateway,Security Alert,Database replication lag exceeded 5 minutes.,Misconfigured security group blocked inter-node traffic.,Killed the blocking database queries and added missing indexes.,67
INC-1407,2025-06-30 18:06:54,Analytics-Worker,Security Alert,Pods are stuck in CrashLoopBackOff state.,CI/CD runner ran out of disk space during docker build.,Cleared docker builder cache and expanded runner EBS volume.,178
INC-1019,2025-06-30 18:40:54,Inventory-DB,Security Alert,Database replication lag exceeded 5 minutes.,Expired TLS certificate on internal load balancer.,Scaled up replicas from 3 to 10 to handle the load.,182
INC-1043,2025-07-01 11:25:54,Auth-Service,Performance Degradation,Memory leak causing OOM (Out of Memory) kills.,Network partition between primary and secondary availability zones.,Renewed and deployed updated TLS certificates via Let's Encrypt.,65
INC-1029,2025-07-02 15:14:54,Redis-Cache,Performance Degradation,502 Bad Gateway errors observed from load balancer.,Memory limits set too low in Kubernetes deployment manifests.,Renewed and deployed updated TLS certificates via Let's Encrypt.,240
INC-1072,2025-07-03 06:05:54,Payment-Gateway,Security Alert,API response times exceeded 2000ms threshold.,Deadlock in concurrent transaction processing.,Cleared docker builder cache and expanded runner EBS volume.,234
INC-1114,2025-07-03 19:56:54,Payment-Gateway,Service Outage,Jenkins build pipeline failing on integration tests.,Missing index on newly deployed database table causing full table scans.,Restarted kubelet service on affected worker nodes.,199
INC-1135,2025-07-04 16:44:54,CI/CD Pipeline,Service Outage,Disk space critical: > 95% utilized on /var/log.,Recent deployment introduced a memory leak.,Rebooted unresponsive nodes and cordoned them for investigation.,125
INC-1431,2025-07-05 07:59:54,Kubernetes Cluster,Performance Degradation,SSL Certificate expiration warning.,Surge in unexpected traffic overwhelmed the service capacity.,Increased pod resource limits (memory) in Helm chart and redeployed.,229
INC-1429,2025-07-06 05:38:54,Frontend-UI,Database Error,Kafka consumer lag building up beyond alerting threshold.,Misconfigured security group blocked inter-node traffic.,"Cleared old logs, freed 20GB, and fixed logrotate cron job.",110
INC-1037,2025-07-06 23:54:54,Payment-Gateway,Network Timeout,API response times exceeded 2000ms threshold.,Surge in unexpected traffic overwhelmed the service capacity.,Scaled up replicas from 3 to 10 to handle the load.,10
INC-1356,2025-07-07 00:44:54,CI/CD Pipeline,Network Timeout,High number of 5xx errors from backend services.,"Log rotation failed, filling up disk space.",Flushed Redis cache and restarted worker instances.,53
INC-1012,2025-07-08 02:13:54,Payment-Gateway,Database Error,Disk space critical: > 95% utilized on /var/log.,Deadlock in concurrent transaction processing.,"Cleared old logs, freed 20GB, and fixed logrotate cron job.",203
INC-1410,2025-07-08 04:08:54,User-API,Database Error,Jenkins build pipeline failing on integration tests.,Long-running queries locked database tables.,Implemented exponential backoff and contacted vendor for quota increase.,230
INC-1168,2025-07-08 20:03:54,Analytics-Worker,Security Alert,DNS resolution failures in internal VPC.,Deadlock in concurrent transaction processing.,Renewed and deployed updated TLS certificates via Let's Encrypt.,6
INC-1343,2025-07-09 05:18:54,Redis-Cache,Network Timeout,Connections refused by the primary database.,Deadlock in concurrent transaction processing.,"Cleared old logs, freed 20GB, and fixed logrotate cron job.",196
INC-1482,2025-07-09 17:56:54,Payment-Gateway,Resource Exhaustion,High number of 5xx errors from backend services.,Expired TLS certificate on internal load balancer.,Scaled up replicas from 3 to 10 to handle the load.,183
INC-1080,2025-07-09 22:25:54,Inventory-DB,Database Error,High CPU utilization detected on primary nodes.,Long-running queries locked database tables.,Renewed and deployed updated TLS certificates via Let's Encrypt.,51
INC-1021,2025-07-10 02:24:54,Redis-Cache,Deployment Failure,Pods are stuck in CrashLoopBackOff state.,Misconfigured security group blocked inter-node traffic.,Cleared docker builder cache and expanded runner EBS volume.,151
INC-1262,2025-07-10 03:52:54,Kubernetes Cluster,Security Alert,Redis cache eviction rate spiked.,"Log rotation failed, filling up disk space.","Cleared old logs, freed 20GB, and fixed logrotate cron job.",148
INC-1191,2025-07-12 01:20:54,Kafka-Cluster,Network Timeout,Disk space critical: > 95% utilized on /var/log.,Misconfigured security group blocked inter-node traffic.,Renewed and deployed updated TLS certificates via Let's Encrypt.,29
INC-1218,2025-07-12 07:12:54,Kubernetes Cluster,Security Alert,DNS resolution failures in internal VPC.,Expired TLS certificate on internal load balancer.,Cleared docker builder cache and expanded runner EBS volume.,205
INC-1151,2025-07-13 01:55:54,Kafka-Cluster,Network Timeout,Redis cache eviction rate spiked.,Memory limits set too low in Kubernetes deployment manifests.,Restarted kubelet service on affected worker nodes.,239
INC-1341,2025-07-13 02:54:54,Payment-Gateway,Resource Exhaustion,Redis cache eviction rate spiked.,Recent deployment introduced a memory leak.,Killed the blocking database queries and added missing indexes.,133
INC-1288,2025-07-14 11:31:54,Auth-Service,Security Alert,Connections refused by the primary database.,Misconfigured security group blocked inter-node traffic.,Cleared docker builder cache and expanded runner EBS volume.,14
INC-1215,2025-07-15 17:29:54,Frontend-UI,Security Alert,High CPU utilization detected on primary nodes.,Upstream API dependency rate-limited our service requests.,Rebooted unresponsive nodes and cordoned them for investigation.,166
INC-1004,2025-07-16 00:22:54,Auth-Service,Performance Degradation,Jenkins build pipeline failing on integration tests.,Missing index on newly deployed database table causing full table scans.,Killed the blocking database queries and added missing indexes.,177
INC-1489,2025-07-16 19:31:54,Kubernetes Cluster,Network Timeout,Pods are stuck in CrashLoopBackOff state.,CI/CD runner ran out of disk space during docker build.,Rolled back to the previous stable release and initiated RCA.,119
INC-1061,2025-07-17 04:59:54,Inventory-DB,Deployment Failure,API response times exceeded 2000ms threshold.,Memory limits set too low in Kubernetes deployment manifests.,Restarted kubelet service on affected worker nodes.,199
INC-1320,2025-07-17 08:05:54,Kafka-Cluster,Deployment Failure,Pods are stuck in CrashLoopBackOff state.,Network partition between primary and secondary availability zones.,Killed the blocking database queries and added missing indexes.,120
INC-1493,2025-07-17 22:15:54,Payment-Gateway,Security Alert,Redis cache eviction rate spiked.,Misconfigured security group blocked inter-node traffic.,Flushed Redis cache and restarted worker instances.,211
INC-1005,2025-07-19 01:03:54,Kubernetes Cluster,Service Outage,Connections refused by the primary database.,Recent deployment introduced a memory leak.,Rolled back to the previous stable release and initiated RCA.,9
INC-1078,2025-07-19 07:08:54,Payment-Gateway,Resource Exhaustion,SSL Certificate expiration warning.,"Log rotation failed, filling up disk space.",Corrected the AWS security group rules to allow port 443.,46
INC-1302,2025-07-20 06:13:54,User-API,Deployment Failure,High CPU utilization detected on primary nodes.,Surge in unexpected traffic overwhelmed the service capacity.,Killed the blocking database queries and added missing indexes.,158
INC-1242,2025-07-20 10:58:54,Inventory-DB,Service Outage,Memory leak causing OOM (Out of Memory) kills.,Misconfigured security group blocked inter-node traffic.,Increased pod resource limits (memory) in Helm chart and redeployed.,221
INC-1238,2025-07-20 16:27:54,Inventory-DB,Service Outage,Pods are stuck in CrashLoopBackOff state.,Surge in unexpected traffic overwhelmed the service capacity.,Increased pod resource limits (memory) in Helm chart and redeployed.,199
INC-1121,2025-07-21 14:53:54,Payment-Gateway,Performance Degradation,502 Bad Gateway errors observed from load balancer.,Recent deployment introduced a memory leak.,Restarted kubelet service on affected worker nodes.,216
INC-1437,2025-07-21 21:05:54,User-API,Resource Exhaustion,Memory leak causing OOM (Out of Memory) kills.,Missing index on newly deployed database table causing full table scans.,Killed the blocking database queries and added missing indexes.,156
INC-1379,2025-07-22 22:10:54,Redis-Cache,Resource Exhaustion,502 Bad Gateway errors observed from load balancer.,CI/CD runner ran out of disk space during docker build.,Restarted kubelet service on affected worker nodes.,174
INC-1286,2025-07-23 20:32:54,Frontend-UI,Database Error,Kafka consumer lag building up beyond alerting threshold.,Surge in unexpected traffic overwhelmed the service capacity.,Restarted kubelet service on affected worker nodes.,111
INC-1157,2025-07-25 18:00:54,Auth-Service,Performance Degradation,Pods are stuck in CrashLoopBackOff state.,Upstream API dependency rate-limited our service requests.,Rolled back to the previous stable release and initiated RCA.,33
INC-1152,2025-07-26 20:38:54,Payment-Gateway,Service Outage,Memory leak causing OOM (Out of Memory) kills.,Upstream API dependency rate-limited our service requests.,Increased pod resource limits (memory) in Helm chart and redeployed.,118
INC-1074,2025-07-26 22:08:54,User-API,Deployment Failure,API response times exceeded 2000ms threshold.,"Log rotation failed, filling up disk space.",Rebooted unresponsive nodes and cordoned them for investigation.,228
INC-1498,2025-07-27 11:26:54,Redis-Cache,Database Error,Database replication lag exceeded 5 minutes.,Misconfigured security group blocked inter-node traffic.,Corrected the AWS security group rules to allow port 443.,71
INC-1081,2025-07-27 23:45:54,Auth-Service,Deployment Failure,Database replication lag exceeded 5 minutes.,CI/CD runner ran out of disk space during docker build.,Cleared docker builder cache and expanded runner EBS volume.,164
INC-1229,2025-07-28 14:21:54,Inventory-DB,Network Timeout,High CPU utilization detected on primary nodes.,Long-running queries locked database tables.,Corrected the AWS security group rules to allow port 443.,226
INC-1199,2025-07-29 22:04:54,User-API,Database Error,API response times exceeded 2000ms threshold.,"Log rotation failed, filling up disk space.",Implemented exponential backoff and contacted vendor for quota increase.,48
INC-1163,2025-07-29 23:01:54,User-API,Deployment Failure,High CPU utilization detected on primary nodes.,CI/CD runner ran out of disk space during docker build.,Increased pod resource limits (memory) in Helm chart and redeployed.,106
INC-1354,2025-07-30 09:46:54,Analytics-Worker,Network Timeout,DNS resolution failures in internal VPC.,Deadlock in concurrent transaction processing.,Killed the blocking database queries and added missing indexes.,70
INC-1425,2025-08-01 07:38:54,User-API,Resource Exhaustion,Memory leak causing OOM (Out of Memory) kills.,Recent deployment introduced a memory leak.,Killed the blocking database queries and added missing indexes.,78
INC-1317,2025-08-01 09:51:54,CI/CD Pipeline,Deployment Failure,API response times exceeded 2000ms threshold.,Memory limits set too low in Kubernetes deployment manifests.,Corrected the AWS security group rules to allow port 443.,177
INC-1370,2025-08-01 19:18:54,Analytics-Worker,Service Outage,API response times exceeded 2000ms threshold.,Deadlock in concurrent transaction processing.,Killed the blocking database queries and added missing indexes.,124
INC-1321,2025-08-02 13:06:54,Redis-Cache,Service Outage,Redis cache eviction rate spiked.,Surge in unexpected traffic overwhelmed the service capacity.,Increased pod resource limits (memory) in Helm chart and redeployed.,62
INC-1028,2025-08-03 11:43:54,Kafka-Cluster,Service Outage,API response times exceeded 2000ms threshold.,Deadlock in concurrent transaction processing.,Cleared docker builder cache and expanded runner EBS volume.,29
INC-1277,2025-08-03 23:36:54,User-API,Network Timeout,Database replication lag exceeded 5 minutes.,Misconfigured security group blocked inter-node traffic.,Rolled back to the previous stable release and initiated RCA.,52
INC-1355,2025-08-04 00:48:54,Payment-Gateway,Service Outage,API response times exceeded 2000ms threshold.,CI/CD runner ran out of disk space during docker build.,Cleared docker builder cache and expanded runner EBS volume.,196
INC-1307,2025-08-05 19:47:54,Analytics-Worker,Deployment Failure,Database replication lag exceeded 5 minutes.,Surge in unexpected traffic overwhelmed the service capacity.,Corrected the AWS security group rules to allow port 443.,97
INC-1048,2025-08-06 23:20:54,Kubernetes Cluster,Deployment Failure,502 Bad Gateway errors observed from load balancer.,Deadlock in concurrent transaction processing.,Rebooted unresponsive nodes and cordoned them for investigation.,26
INC-1147,2025-08-07 12:03:54,Payment-Gateway,Database Error,Redis cache eviction rate spiked.,Memory limits set too low in Kubernetes deployment manifests.,Renewed and deployed updated TLS certificates via Let's Encrypt.,45
INC-1079,2025-08-10 09:35:54,Payment-Gateway,Deployment Failure,Kafka consumer lag building up beyond alerting threshold.,Long-running queries locked database tables.,Restarted kubelet service on affected worker nodes.,193
INC-1128,2025-08-13 05:20:54,User-API,Deployment Failure,Memory leak causing OOM (Out of Memory) kills.,Surge in unexpected traffic overwhelmed the service capacity.,Scaled up replicas from 3 to 10 to handle the load.,130
INC-1143,2025-08-13 18:05:54,CI/CD Pipeline,Resource Exhaustion,Kafka consumer lag building up beyond alerting threshold.,Surge in unexpected traffic overwhelmed the service capacity.,Corrected the AWS security group rules to allow port 443.,99
INC-1299,2025-08-15 18:48:54,CI/CD Pipeline,Database Error,Connections refused by the primary database.,Recent deployment introduced a memory leak.,"Cleared old logs, freed 20GB, and fixed logrotate cron job.",239
INC-1450,2025-08-17 21:53:54,Inventory-DB,Resource Exhaustion,Connections refused by the primary database.,Surge in unexpected traffic overwhelmed the service capacity.,Rebooted unresponsive nodes and cordoned them for investigation.,205
INC-1186,2025-08-17 23:25:54,Frontend-UI,Performance Degradation,Jenkins build pipeline failing on integration tests.,Deadlock in concurrent transaction processing.,Increased pod resource limits (memory) in Helm chart and redeployed.,74
INC-1124,2025-08-18 19:14:54,Payment-Gateway,Resource Exhaustion,Memory leak causing OOM (Out of Memory) kills.,Upstream API dependency rate-limited our service requests.,Cleared docker builder cache and expanded runner EBS volume.,103
INC-1460,2025-08-19 09:01:54,CI/CD Pipeline,Performance Degradation,Jenkins build pipeline failing on integration tests.,"Log rotation failed, filling up disk space.",Rebooted unresponsive nodes and cordoned them for investigation.,121
INC-1334,2025-08-19 11:19:54,Auth-Service,Performance Degradation,High number of 5xx errors from backend services.,Network partition between primary and secondary availability zones.,Implemented exponential backoff and contacted vendor for quota increase.,162
INC-1414,2025-08-19 15:06:54,Analytics-Worker,Resource Exhaustion,Kafka consumer lag building up beyond alerting threshold.,Surge in unexpected traffic overwhelmed the service capacity.,Flushed Redis cache and restarted worker instances.,179
INC-1098,2025-08-20 07:42:54,CI/CD Pipeline,Resource Exhaustion,Connections refused by the primary database.,"Log rotation failed, filling up disk space.","Cleared old logs, freed 20GB, and fixed logrotate cron job.",133
INC-1287,2025-08-20 19:51:54,Analytics-Worker,Service Outage,Redis cache eviction rate spiked.,Missing index on newly deployed database table causing full table scans.,Restarted kubelet service on affected worker nodes.,130
INC-1477,2025-08-21 14:19:54,Kafka-Cluster,Service Outage,Connections refused by the primary database.,Recent deployment introduced a memory leak.,Restarted kubelet service on affected worker nodes.,23
INC-1466,2025-08-21 18:39:54,Payment-Gateway,Security Alert,Pods are stuck in CrashLoopBackOff state.,Upstream API dependency rate-limited our service requests.,Increased pod resource limits (memory) in Helm chart and redeployed.,201
INC-1338,2025-08-21 20:00:54,CI/CD Pipeline,Resource Exhaustion,Database replication lag exceeded 5 minutes.,Misconfigured security group blocked inter-node traffic.,Rolled back to the previous stable release and initiated RCA.,143
INC-1134,2025-08-23 08:01:54,Kubernetes Cluster,Service Outage,Redis cache eviction rate spiked.,Deadlock in concurrent transaction processing.,Renewed and deployed updated TLS certificates via Let's Encrypt.,91
INC-1045,2025-08-24 07:58:54,Auth-Service,Network Timeout,API response times exceeded 2000ms threshold.,Missing index on newly deployed database table causing full table scans.,Implemented exponential backoff and contacted vendor for quota increase.,150
INC-1183,2025-08-24 21:07:54,Auth-Service,Database Error,Redis cache eviction rate spiked.,Network partition between primary and secondary availability zones.,Implemented exponential backoff and contacted vendor for quota increase.,24
INC-1052,2025-08-24 21:19:54,Kubernetes Cluster,Network Timeout,Disk space critical: > 95% utilized on /var/log.,Network partition between primary and secondary availability zones.,Rolled back to the previous stable release and initiated RCA.,66
INC-1201,2025-08-25 03:49:54,Kafka-Cluster,Deployment Failure,DNS resolution failures in internal VPC.,Network partition between primary and secondary availability zones.,Rebooted unresponsive nodes and cordoned them for investigation.,223
INC-1011,2025-08-25 06:10:54,CI/CD Pipeline,Security Alert,Kafka consumer lag building up beyond alerting threshold.,Misconfigured security group blocked inter-node traffic.,Killed the blocking database queries and added missing indexes.,13
INC-1417,2025-08-25 14:19:54,Frontend-UI,Resource Exhaustion,API response times exceeded 2000ms threshold.,Long-running queries locked database tables.,Rebooted unresponsive nodes and cordoned them for investigation.,94
INC-1204,2025-08-25 14:44:54,CI/CD Pipeline,Resource Exhaustion,Redis cache eviction rate spiked.,Long-running queries locked database tables.,"Cleared old logs, freed 20GB, and fixed logrotate cron job.",92
INC-1108,2025-08-26 01:38:54,Redis-Cache,Service Outage,Jenkins build pipeline failing on integration tests.,Missing index on newly deployed database table causing full table scans.,Increased pod resource limits (memory) in Helm chart and redeployed.,187
INC-1408,2025-08-26 18:41:54,Kafka-Cluster,Resource Exhaustion,API response times exceeded 2000ms threshold.,"Log rotation failed, filling up disk space.",Rolled back to the previous stable release and initiated RCA.,224
INC-1403,2025-08-26 20:48:54,Redis-Cache,Security Alert,Disk space critical: > 95% utilized on /var/log.,CI/CD runner ran out of disk space during docker build.,Rebooted unresponsive nodes and cordoned them for investigation.,137
INC-1231,2025-08-26 20:54:54,Inventory-DB,Performance Degradation,High number of 5xx errors from backend services.,Surge in unexpected traffic overwhelmed the service capacity.,Killed the blocking database queries and added missing indexes.,56
INC-1333,2025-08-27 04:23:54,Auth-Service,Database Error,High CPU utilization detected on primary nodes.,Missing index on newly deployed database table causing full table scans.,Rebooted unresponsive nodes and cordoned them for investigation.,144
INC-1187,2025-08-27 04:48:54,Kubernetes Cluster,Resource Exhaustion,Disk space critical: > 95% utilized on /var/log.,Recent deployment introduced a memory leak.,"Cleared old logs, freed 20GB, and fixed logrotate cron job.",184
INC-1185,2025-08-30 15:54:54,Frontend-UI,Resource Exhaustion,API response times exceeded 2000ms threshold.,Memory limits set too low in Kubernetes deployment manifests.,Flushed Redis cache and restarted worker instances.,231
INC-1380,2025-08-30 22:46:54,Frontend-UI,Deployment Failure,Pods are stuck in CrashLoopBackOff state.,Long-running queries locked database tables.,Implemented exponential backoff and contacted vendor for quota increase.,173
INC-1154,2025-08-31 05:03:54,Frontend-UI,Database Error,502 Bad Gateway errors observed from load balancer.,Misconfigured security group blocked inter-node traffic.,Killed the blocking database queries and added missing indexes.,232
INC-1451,2025-08-31 06:09:54,Redis-Cache,Network Timeout,Pods are stuck in CrashLoopBackOff state.,Missing index on newly deployed database table causing full table scans.,Rolled back to the previous stable release and initiated RCA.,166
INC-1367,2025-09-01 00:46:54,CI/CD Pipeline,Security Alert,Jenkins build pipeline failing on integration tests.,Long-running queries locked database tables.,Rolled back to the previous stable release and initiated RCA.,97
INC-1276,2025-09-01 10:31:54,Analytics-Worker,Network Timeout,Pods are stuck in CrashLoopBackOff state.,Long-running queries locked database tables.,Cleared docker builder cache and expanded runner EBS volume.,179
INC-1432,2025-09-02 12:08:54,Kubernetes Cluster,Security Alert,502 Bad Gateway errors observed from load balancer.,Misconfigured security group blocked inter-node traffic.,Rebooted unresponsive nodes and cordoned them for investigation.,78
INC-1232,2025-09-03 01:06:54,Auth-Service,Database Error,Kafka consumer lag building up beyond alerting threshold.,Recent deployment introduced a memory leak.,Corrected the AWS security group rules to allow port 443.,40
INC-1359,2025-09-03 10:02:54,Payment-Gateway,Service Outage,Pods are stuck in CrashLoopBackOff state.,Missing index on newly deployed database table causing full table scans.,Rolled back to the previous stable release and initiated RCA.,213
INC-1364,2025-09-03 15:03:54,Auth-Service,Performance Degradation,High CPU utilization detected on primary nodes.,Memory limits set too low in Kubernetes deployment manifests.,Renewed and deployed updated TLS certificates via Let's Encrypt.,60
INC-1345,2025-09-04 12:33:54,Inventory-DB,Database Error,High number of 5xx errors from backend services.,Missing index on newly deployed database table causing full table scans.,Cleared docker builder cache and expanded runner EBS volume.,15
INC-1469,2025-09-05 09:42:54,Redis-Cache,Resource Exhaustion,API response times exceeded 2000ms threshold.,Long-running queries locked database tables.,Flushed Redis cache and restarted worker instances.,214
INC-1323,2025-09-05 18:18:54,Analytics-Worker,Security Alert,Disk space critical: > 95% utilized on /var/log.,Missing index on newly deployed database table causing full table scans.,Scaled up replicas from 3 to 10 to handle the load.,73
INC-1053,2025-09-06 22:41:54,Kubernetes Cluster,Deployment Failure,Pods are stuck in CrashLoopBackOff state.,Network partition between primary and secondary availability zones.,Renewed and deployed updated TLS certificates via Let's Encrypt.,9
INC-1193,2025-09-10 14:20:54,CI/CD Pipeline,Security Alert,Pods are stuck in CrashLoopBackOff state.,"Log rotation failed, filling up disk space.","Cleared old logs, freed 20GB, and fixed logrotate cron job.",198
INC-1331,2025-09-12 16:00:54,Kafka-Cluster,Network Timeout,Jenkins build pipeline failing on integration tests.,Network partition between primary and secondary availability zones.,"Cleared old logs, freed 20GB, and fixed logrotate cron job.",53
INC-1453,2025-09-12 20:56:54,Kubernetes Cluster,Security Alert,502 Bad Gateway errors observed from load balancer.,Misconfigured security group blocked inter-node traffic.,Cleared docker builder cache and expanded runner EBS volume.,34
INC-1086,2025-09-15 01:40:54,Auth-Service,Security Alert,502 Bad Gateway errors observed from load balancer.,Long-running queries locked database tables.,Cleared docker builder cache and expanded runner EBS volume.,102
INC-1295,2025-09-15 06:02:54,Analytics-Worker,Deployment Failure,High CPU utilization detected on primary nodes.,Upstream API dependency rate-limited our service requests.,Cleared docker builder cache and expanded runner EBS volume.,139
INC-1265,2025-09-16 18:06:54,CI/CD Pipeline,Service Outage,Disk space critical: > 95% utilized on /var/log.,CI/CD runner ran out of disk space during docker build.,Corrected the AWS security group rules to allow port 443.,59
INC-1270,2025-09-16 19:32:54,Kafka-Cluster,Database Error,Database replication lag exceeded 5 minutes.,Recent deployment introduced a memory leak.,Implemented exponential backoff and contacted vendor for quota increase.,95
INC-1416,2025-09-17 01:54:54,CI/CD Pipeline,Network Timeout,Memory leak causing OOM (Out of Memory) kills.,Deadlock in concurrent transaction processing.,Rolled back to the previous stable release and initiated RCA.,131
INC-1131,2025-09-17 06:06:54,CI/CD Pipeline,Network Timeout,High number of 5xx errors from backend services.,Network partition between primary and secondary availability zones.,Rolled back to the previous stable release and initiated RCA.,80
INC-1224,2025-09-17 20:51:54,Payment-Gateway,Database Error,Disk space critical: > 95% utilized on /var/log.,Surge in unexpected traffic overwhelmed the service capacity.,Killed the blocking database queries and added missing indexes.,134
INC-1129,2025-09-18 09:25:54,Kubernetes Cluster,Service Outage,Jenkins build pipeline failing on integration tests.,CI/CD runner ran out of disk space during docker build.,Cleared docker builder cache and expanded runner EBS volume.,21
INC-1264,2025-09-18 19:52:54,Redis-Cache,Resource Exhaustion,Memory leak causing OOM (Out of Memory) kills.,"Log rotation failed, filling up disk space.",Scaled up replicas from 3 to 10 to handle the load.,98
INC-1282,2025-09-19 00:10:54,Kubernetes Cluster,Database Error,DNS resolution failures in internal VPC.,Recent deployment introduced a memory leak.,Rolled back to the previous stable release and initiated RCA.,30
INC-1278,2025-09-19 00:58:54,Frontend-UI,Deployment Failure,Disk space critical: > 95% utilized on /var/log.,Memory limits set too low in Kubernetes deployment manifests.,"Cleared old logs, freed 20GB, and fixed logrotate cron job.",20
INC-1456,2025-09-19 23:28:54,Redis-Cache,Deployment Failure,Database replication lag exceeded 5 minutes.,Surge in unexpected traffic overwhelmed the service capacity.,Flushed Redis cache and restarted worker instances.,88
INC-1239,2025-09-20 14:37:54,Kafka-Cluster,Performance Degradation,DNS resolution failures in internal VPC.,Expired TLS certificate on internal load balancer.,Increased pod resource limits (memory) in Helm chart and redeployed.,172
INC-1146,2025-09-20 14:48:54,CI/CD Pipeline,Network Timeout,Disk space critical: > 95% utilized on /var/log.,Long-running queries locked database tables.,Corrected the AWS security group rules to allow port 443.,64
INC-1301,2025-09-22 19:17:54,Auth-Service,Resource Exhaustion,SSL Certificate expiration warning.,Long-running queries locked database tables.,Restarted kubelet service on affected worker nodes.,212
INC-1328,2025-09-24 05:20:54,User-API,Performance Degradation,Connections refused by the primary database.,Memory limits set too low in Kubernetes deployment manifests.,Renewed and deployed updated TLS certificates via Let's Encrypt.,205
INC-1442,2025-09-25 21:57:54,Inventory-DB,Resource Exhaustion,Pods are stuck in CrashLoopBackOff state.,"Log rotation failed, filling up disk space.",Killed the blocking database queries and added missing indexes.,5
INC-1178,2025-09-27 02:35:54,Kafka-Cluster,Resource Exhaustion,Pods are stuck in CrashLoopBackOff state.,Expired TLS certificate on internal load balancer.,Cleared docker builder cache and expanded runner EBS volume.,173
INC-1245,2025-09-27 04:47:54,Frontend-UI,Performance Degradation,SSL Certificate expiration warning.,"Log rotation failed, filling up disk space.",Scaled up replicas from 3 to 10 to handle the load.,81
INC-1300,2025-09-27 11:06:54,CI/CD Pipeline,Service Outage,Database replication lag exceeded 5 minutes.,Memory limits set too low in Kubernetes deployment manifests.,Rebooted unresponsive nodes and cordoned them for investigation.,142
INC-1054,2025-09-27 15:56:54,Analytics-Worker,Deployment Failure,502 Bad Gateway errors observed from load balancer.,Expired TLS certificate on internal load balancer.,Cleared docker builder cache and expanded runner EBS volume.,175
INC-1032,2025-09-27 16:53:54,Frontend-UI,Network Timeout,Disk space critical: > 95% utilized on /var/log.,Expired TLS certificate on internal load balancer.,Scaled up replicas from 3 to 10 to handle the load.,74
INC-1385,2025-09-28 07:26:54,Kafka-Cluster,Network Timeout,Database replication lag exceeded 5 minutes.,Long-running queries locked database tables.,Scaled up replicas from 3 to 10 to handle the load.,85
INC-1062,2025-09-28 16:14:54,Kafka-Cluster,Service Outage,API response times exceeded 2000ms threshold.,Long-running queries locked database tables.,Killed the blocking database queries and added missing indexes.,83
INC-1033,2025-09-29 05:59:54,Kafka-Cluster,Security Alert,Pods are stuck in CrashLoopBackOff state.,Memory limits set too low in Kubernetes deployment manifests.,"Cleared old logs, freed 20GB, and fixed logrotate cron job.",121
INC-1059,2025-09-29 20:33:54,Frontend-UI,Network Timeout,Database replication lag exceeded 5 minutes.,Memory limits set too low in Kubernetes deployment manifests.,Implemented exponential backoff and contacted vendor for quota increase.,140
INC-1189,2025-09-29 23:57:54,User-API,Service Outage,Database replication lag exceeded 5 minutes.,Deadlock in concurrent transaction processing.,Rebooted unresponsive nodes and cordoned them for investigation.,237
INC-1483,2025-09-30 22:41:54,Payment-Gateway,Deployment Failure,Pods are stuck in CrashLoopBackOff state.,CI/CD runner ran out of disk space during docker build.,Renewed and deployed updated TLS certificates via Let's Encrypt.,81
INC-1181,2025-10-02 06:25:54,Redis-Cache,Resource Exhaustion,API response times exceeded 2000ms threshold.,Recent deployment introduced a memory leak.,Flushed Redis cache and restarted worker instances.,99
INC-1350,2025-10-02 16:42:54,Kubernetes Cluster,Deployment Failure,Connections refused by the primary database.,Network partition between primary and secondary availability zones.,Flushed Redis cache and restarted worker instances.,78
INC-1454,2025-10-03 04:45:54,Redis-Cache,Service Outage,Kafka consumer lag building up beyond alerting threshold.,Upstream API dependency rate-limited our service requests.,Rebooted unresponsive nodes and cordoned them for investigation.,213
INC-1472,2025-10-03 15:56:54,Kafka-Cluster,Security Alert,Connections refused by the primary database.,Deadlock in concurrent transaction processing.,Rolled back to the previous stable release and initiated RCA.,182
INC-1150,2025-10-03 19:33:54,User-API,Database Error,502 Bad Gateway errors observed from load balancer.,Upstream API dependency rate-limited our service requests.,Corrected the AWS security group rules to allow port 443.,38
INC-1424,2025-10-04 16:51:54,Kubernetes Cluster,Network Timeout,Memory leak causing OOM (Out of Memory) kills.,Deadlock in concurrent transaction processing.,Flushed Redis cache and restarted worker instances.,39
INC-1280,2025-10-04 22:40:54,Kafka-Cluster,Network Timeout,Connections refused by the primary database.,Recent deployment introduced a memory leak.,Killed the blocking database queries and added missing indexes.,104
INC-1298,2025-10-05 08:10:54,Kubernetes Cluster,Service Outage,Disk space critical: > 95% utilized on /var/log.,Deadlock in concurrent transaction processing.,Flushed Redis cache and restarted worker instances.,43
INC-1249,2025-10-06 13:25:54,Frontend-UI,Deployment Failure,502 Bad Gateway errors observed from load balancer.,Deadlock in concurrent transaction processing.,Cleared docker builder cache and expanded runner EBS volume.,186
INC-1141,2025-10-07 00:09:54,Inventory-DB,Performance Degradation,SSL Certificate expiration warning.,"Log rotation failed, filling up disk space.",Scaled up replicas from 3 to 10 to handle the load.,173
INC-1056,2025-10-07 21:43:54,Inventory-DB,Service Outage,API response times exceeded 2000ms threshold.,CI/CD runner ran out of disk space during docker build.,Killed the blocking database queries and added missing indexes.,94
INC-1096,2025-10-09 22:14:54,Inventory-DB,Database Error,Database replication lag exceeded 5 minutes.,Deadlock in concurrent transaction processing.,"Cleared old logs, freed 20GB, and fixed logrotate cron job.",29
INC-1394,2025-10-10 02:24:54,Kafka-Cluster,Resource Exhaustion,DNS resolution failures in internal VPC.,Memory limits set too low in Kubernetes deployment manifests.,Killed the blocking database queries and added missing indexes.,22
INC-1228,2025-10-11 08:51:54,Kubernetes Cluster,Deployment Failure,Pods are stuck in CrashLoopBackOff state.,CI/CD runner ran out of disk space during docker build.,"Cleared old logs, freed 20GB, and fixed logrotate cron job.",143
INC-1057,2025-10-11 12:30:54,Inventory-DB,Resource Exhaustion,502 Bad Gateway errors observed from load balancer.,Misconfigured security group blocked inter-node traffic.,Cleared docker builder cache and expanded runner EBS volume.,120
INC-1097,2025-10-12 01:51:54,Payment-Gateway,Performance Degradation,Disk space critical: > 95% utilized on /var/log.,Expired TLS certificate on internal load balancer.,"Cleared old logs, freed 20GB, and fixed logrotate cron job.",240
INC-1335,2025-10-12 21:43:54,CI/CD Pipeline,Database Error,Memory leak causing OOM (Out of Memory) kills.,Missing index on newly deployed database table causing full table scans.,Rebooted unresponsive nodes and cordoned them for investigation.,17
INC-1257,2025-10-13 13:16:54,Redis-Cache,Performance Degradation,SSL Certificate expiration warning.,Long-running queries locked database tables.,Cleared docker builder cache and expanded runner EBS volume.,200
INC-1390,2025-10-13 13:40:54,Redis-Cache,Service Outage,Redis cache eviction rate spiked.,Surge in unexpected traffic overwhelmed the service capacity.,Corrected the AWS security group rules to allow port 443.,164
INC-1236,2025-10-15 08:59:54,Analytics-Worker,Service Outage,High CPU utilization detected on primary nodes.,Expired TLS certificate on internal load balancer.,Implemented exponential backoff and contacted vendor for quota increase.,202
INC-1123,2025-10-15 16:46:54,Payment-Gateway,Security Alert,High number of 5xx errors from backend services.,CI/CD runner ran out of disk space during docker build.,Killed the blocking database queries and added missing indexes.,53
INC-1369,2025-10-16 05:09:54,Analytics-Worker,Database Error,High number of 5xx errors from backend services.,Memory limits set too low in Kubernetes deployment manifests.,Flushed Redis cache and restarted worker instances.,203
INC-1395,2025-10-16 17:01:54,Auth-Service,Deployment Failure,Connections refused by the primary database.,Missing index on newly deployed database table causing full table scans.,Flushed Redis cache and restarted worker instances.,148
INC-1209,2025-10-18 15:32:54,CI/CD Pipeline,Resource Exhaustion,Memory leak causing OOM (Out of Memory) kills.,Long-running queries locked database tables.,Cleared docker builder cache and expanded runner EBS volume.,124
INC-1161,2025-10-19 03:45:54,Redis-Cache,Security Alert,API response times exceeded 2000ms threshold.,Missing index on newly deployed database table causing full table scans.,Increased pod resource limits (memory) in Helm chart and redeployed.,138
INC-1207,2025-10-19 14:50:54,Auth-Service,Network Timeout,Connections refused by the primary database.,Deadlock in concurrent transaction processing.,Flushed Redis cache and restarted worker instances.,217
INC-1013,2025-10-19 18:05:54,User-API,Service Outage,Disk space critical: > 95% utilized on /var/log.,Misconfigured security group blocked inter-node traffic.,Implemented exponential backoff and contacted vendor for quota increase.,125
INC-1461,2025-10-20 02:38:54,Kafka-Cluster,Performance Degradation,High number of 5xx errors from backend services.,Missing index on newly deployed database table causing full table scans.,Increased pod resource limits (memory) in Helm chart and redeployed.,112
INC-1497,2025-10-20 23:40:54,User-API,Security Alert,DNS resolution failures in internal VPC.,Expired TLS certificate on internal load balancer.,Rebooted unresponsive nodes and cordoned them for investigation.,117
INC-1122,2025-10-21 06:59:54,Payment-Gateway,Deployment Failure,Memory leak causing OOM (Out of Memory) kills.,CI/CD runner ran out of disk space during docker build.,Scaled up replicas from 3 to 10 to handle the load.,88
INC-1246,2025-10-22 05:16:54,CI/CD Pipeline,Database Error,Kafka consumer lag building up beyond alerting threshold.,Upstream API dependency rate-limited our service requests.,Scaled up replicas from 3 to 10 to handle the load.,54
INC-1457,2025-10-22 18:04:54,Inventory-DB,Database Error,Disk space critical: > 95% utilized on /var/log.,CI/CD runner ran out of disk space during docker build.,"Cleared old logs, freed 20GB, and fixed logrotate cron job.",201
INC-1099,2025-10-24 22:40:54,Kafka-Cluster,Resource Exhaustion,502 Bad Gateway errors observed from load balancer.,CI/CD runner ran out of disk space during docker build.,Cleared docker builder cache and expanded runner EBS volume.,53
INC-1196,2025-10-25 04:11:54,Inventory-DB,Security Alert,DNS resolution failures in internal VPC.,Expired TLS certificate on internal load balancer.,Cleared docker builder cache and expanded runner EBS volume.,146
INC-1007,2025-10-25 12:35:54,Frontend-UI,Database Error,Kafka consumer lag building up beyond alerting threshold.,Long-running queries locked database tables.,Increased pod resource limits (memory) in Helm chart and redeployed.,207
INC-1145,2025-10-26 20:34:54,Payment-Gateway,Security Alert,Pods are stuck in CrashLoopBackOff state.,Deadlock in concurrent transaction processing.,Cleared docker builder cache and expanded runner EBS volume.,192
INC-1433,2025-10-26 20:52:54,Payment-Gateway,Service Outage,Redis cache eviction rate spiked.,Missing index on newly deployed database table causing full table scans.,"Cleared old logs, freed 20GB, and fixed logrotate cron job.",113
INC-1119,2025-10-27 14:53:54,Analytics-Worker,Resource Exhaustion,Pods are stuck in CrashLoopBackOff state.,Network partition between primary and secondary availability zones.,Flushed Redis cache and restarted worker instances.,47
INC-1240,2025-10-28 05:31:54,Frontend-UI,Network Timeout,High CPU utilization detected on primary nodes.,Misconfigured security group blocked inter-node traffic.,"Cleared old logs, freed 20GB, and fixed logrotate cron job.",69
INC-1156,2025-10-28 11:06:54,Payment-Gateway,Service Outage,Database replication lag exceeded 5 minutes.,Misconfigured security group blocked inter-node traffic.,Renewed and deployed updated TLS certificates via Let's Encrypt.,72
INC-1212,2025-10-28 14:51:54,Kubernetes Cluster,Service Outage,Disk space critical: > 95% utilized on /var/log.,Deadlock in concurrent transaction processing.,Cleared docker builder cache and expanded runner EBS volume.,196
INC-1401,2025-10-28 16:34:54,CI/CD Pipeline,Network Timeout,Disk space critical: > 95% utilized on /var/log.,Expired TLS certificate on internal load balancer.,Cleared docker builder cache and expanded runner EBS volume.,97
INC-1438,2025-10-31 09:03:54,Payment-Gateway,Deployment Failure,Jenkins build pipeline failing on integration tests.,Misconfigured security group blocked inter-node traffic.,Cleared docker builder cache and expanded runner EBS volume.,43
INC-1391,2025-10-31 13:45:54,Auth-Service,Deployment Failure,Disk space critical: > 95% utilized on /var/log.,Recent deployment introduced a memory leak.,Flushed Redis cache and restarted worker instances.,184
INC-1448,2025-11-01 21:50:54,Kafka-Cluster,Database Error,Pods are stuck in CrashLoopBackOff state.,Recent deployment introduced a memory leak.,Implemented exponential backoff and contacted vendor for quota increase.,162
INC-1326,2025-11-03 00:10:54,Auth-Service,Performance Degradation,Memory leak causing OOM (Out of Memory) kills.,"Log rotation failed, filling up disk space.",Restarted kubelet service on affected worker nodes.,156
INC-1221,2025-11-05 02:58:54,Frontend-UI,Service Outage,Kafka consumer lag building up beyond alerting threshold.,Missing index on newly deployed database table causing full table scans.,Implemented exponential backoff and contacted vendor for quota increase.,113
INC-1130,2025-11-05 04:43:54,Analytics-Worker,Security Alert,Kafka consumer lag building up beyond alerting threshold.,"Log rotation failed, filling up disk space.",Scaled up replicas from 3 to 10 to handle the load.,5
INC-1452,2025-11-05 10:10:54,User-API,Resource Exhaustion,SSL Certificate expiration warning.,Long-running queries locked database tables.,Renewed and deployed updated TLS certificates via Let's Encrypt.,14
INC-1499,2025-11-06 04:57:54,Inventory-DB,Database Error,SSL Certificate expiration warning.,Memory limits set too low in Kubernetes deployment manifests.,"Cleared old logs, freed 20GB, and fixed logrotate cron job.",24
INC-1182,2025-11-06 11:33:54,User-API,Resource Exhaustion,Database replication lag exceeded 5 minutes.,Recent deployment introduced a memory leak.,Rolled back to the previous stable release and initiated RCA.,132
INC-1174,2025-11-06 17:29:54,Redis-Cache,Service Outage,Pods are stuck in CrashLoopBackOff state.,Surge in unexpected traffic overwhelmed the service capacity.,Rolled back to the previous stable release and initiated RCA.,65
INC-1397,2025-11-07 08:19:54,Redis-Cache,Network Timeout,Memory leak causing OOM (Out of Memory) kills.,Deadlock in concurrent transaction processing.,Scaled up replicas from 3 to 10 to handle the load.,236
INC-1117,2025-11-07 18:02:54,Payment-Gateway,Security Alert,Jenkins build pipeline failing on integration tests.,"Log rotation failed, filling up disk space.",Corrected the AWS security group rules to allow port 443.,156
INC-1352,2025-11-08 01:36:54,Payment-Gateway,Service Outage,API response times exceeded 2000ms threshold.,Long-running queries locked database tables.,Cleared docker builder cache and expanded runner EBS volume.,23
INC-1344,2025-11-08 23:11:54,User-API,Network Timeout,Jenkins build pipeline failing on integration tests.,Upstream API dependency rate-limited our service requests.,Scaled up replicas from 3 to 10 to handle the load.,174
INC-1034,2025-11-09 01:49:54,Frontend-UI,Network Timeout,DNS resolution failures in internal VPC.,CI/CD runner ran out of disk space during docker build.,Rebooted unresponsive nodes and cordoned them for investigation.,184
INC-1387,2025-11-09 08:48:54,Kubernetes Cluster,Deployment Failure,API response times exceeded 2000ms threshold.,Expired TLS certificate on internal load balancer.,Flushed Redis cache and restarted worker instances.,99
INC-1194,2025-11-09 09:16:54,Kubernetes Cluster,Security Alert,Pods are stuck in CrashLoopBackOff state.,Long-running queries locked database tables.,Increased pod resource limits (memory) in Helm chart and redeployed.,184
INC-1144,2025-11-10 21:46:54,Analytics-Worker,Service Outage,SSL Certificate expiration warning.,Expired TLS certificate on internal load balancer.,Scaled up replicas from 3 to 10 to handle the load.,34
INC-1208,2025-11-12 23:58:54,Kafka-Cluster,Deployment Failure,Database replication lag exceeded 5 minutes.,Missing index on newly deployed database table causing full table scans.,Scaled up replicas from 3 to 10 to handle the load.,45
INC-1109,2025-11-13 15:20:54,Redis-Cache,Security Alert,502 Bad Gateway errors observed from load balancer.,CI/CD runner ran out of disk space during docker build.,Flushed Redis cache and restarted worker instances.,240
INC-1443,2025-11-13 21:43:54,Payment-Gateway,Network Timeout,Disk space critical: > 95% utilized on /var/log.,Network partition between primary and secondary availability zones.,Rolled back to the previous stable release and initiated RCA.,31
INC-1404,2025-11-13 22:14:54,Inventory-DB,Resource Exhaustion,Redis cache eviction rate spiked.,Upstream API dependency rate-limited our service requests.,Rolled back to the previous stable release and initiated RCA.,228
INC-1073,2025-11-14 11:23:54,Payment-Gateway,Resource Exhaustion,Disk space critical: > 95% utilized on /var/log.,Memory limits set too low in Kubernetes deployment manifests.,Rebooted unresponsive nodes and cordoned them for investigation.,159
INC-1494,2025-11-14 19:19:54,CI/CD Pipeline,Service Outage,Database replication lag exceeded 5 minutes.,Long-running queries locked database tables.,Rebooted unresponsive nodes and cordoned them for investigation.,31
INC-1162,2025-11-14 20:00:54,CI/CD Pipeline,Database Error,502 Bad Gateway errors observed from load balancer.,Memory limits set too low in Kubernetes deployment manifests.,Scaled up replicas from 3 to 10 to handle the load.,167
INC-1269,2025-11-15 19:34:54,CI/CD Pipeline,Resource Exhaustion,Memory leak causing OOM (Out of Memory) kills.,Misconfigured security group blocked inter-node traffic.,Increased pod resource limits (memory) in Helm chart and redeployed.,143
INC-1468,2025-11-16 23:10:54,Kubernetes Cluster,Database Error,DNS resolution failures in internal VPC.,Expired TLS certificate on internal load balancer.,Corrected the AWS security group rules to allow port 443.,230
INC-1486,2025-11-17 01:44:54,Kubernetes Cluster,Service Outage,Connections refused by the primary database.,Memory limits set too low in Kubernetes deployment manifests.,Renewed and deployed updated TLS certificates via Let's Encrypt.,18
INC-1155,2025-11-17 01:58:54,CI/CD Pipeline,Service Outage,High number of 5xx errors from backend services.,Long-running queries locked database tables.,Increased pod resource limits (memory) in Helm chart and redeployed.,87
INC-1346,2025-11-17 04:52:54,Kafka-Cluster,Network Timeout,Connections refused by the primary database.,Surge in unexpected traffic overwhelmed the service capacity.,Restarted kubelet service on affected worker nodes.,46
INC-1405,2025-11-17 09:10:54,Kafka-Cluster,Security Alert,Jenkins build pipeline failing on integration tests.,Deadlock in concurrent transaction processing.,Rebooted unresponsive nodes and cordoned them for investigation.,19
INC-1275,2025-11-17 23:36:54,Redis-Cache,Database Error,High number of 5xx errors from backend services.,Surge in unexpected traffic overwhelmed the service capacity.,Cleared docker builder cache and expanded runner EBS volume.,146
INC-1247,2025-11-20 10:02:54,Inventory-DB,Security Alert,API response times exceeded 2000ms threshold.,Expired TLS certificate on internal load balancer.,Increased pod resource limits (memory) in Helm chart and redeployed.,7
INC-1362,2025-11-23 17:28:54,User-API,Security Alert,Kafka consumer lag building up beyond alerting threshold.,Memory limits set too low in Kubernetes deployment manifests.,Renewed and deployed updated TLS certificates via Let's Encrypt.,201
INC-1374,2025-11-25 14:51:54,Inventory-DB,Performance Degradation,DNS resolution failures in internal VPC.,Surge in unexpected traffic overwhelmed the service capacity.,Corrected the AWS security group rules to allow port 443.,92
INC-1446,2025-11-25 18:25:54,Kafka-Cluster,Network Timeout,DNS resolution failures in internal VPC.,Recent deployment introduced a memory leak.,Implemented exponential backoff and contacted vendor for quota increase.,26
INC-1142,2025-11-26 10:39:54,Frontend-UI,Network Timeout,High number of 5xx errors from backend services.,Misconfigured security group blocked inter-node traffic.,Flushed Redis cache and restarted worker instances.,5
INC-1158,2025-11-26 18:34:54,Redis-Cache,Deployment Failure,DNS resolution failures in internal VPC.,Expired TLS certificate on internal load balancer.,Rolled back to the previous stable release and initiated RCA.,231
INC-1273,2025-11-29 15:01:54,Auth-Service,Deployment Failure,Jenkins build pipeline failing on integration tests.,Memory limits set too low in Kubernetes deployment manifests.,Rebooted unresponsive nodes and cordoned them for investigation.,56
INC-1112,2025-12-01 12:33:54,Redis-Cache,Database Error,DNS resolution failures in internal VPC.,Upstream API dependency rate-limited our service requests.,Implemented exponential backoff and contacted vendor for quota increase.,158
INC-1292,2025-12-01 19:39:54,Frontend-UI,Deployment Failure,High CPU utilization detected on primary nodes.,Network partition between primary and secondary availability zones.,Restarted kubelet service on affected worker nodes.,227
INC-1449,2025-12-01 20:15:54,Analytics-Worker,Deployment Failure,Disk space critical: > 95% utilized on /var/log.,"Log rotation failed, filling up disk space.",Increased pod resource limits (memory) in Helm chart and redeployed.,98
INC-1018,2025-12-02 14:04:54,Redis-Cache,Database Error,High number of 5xx errors from backend services.,Expired TLS certificate on internal load balancer.,Increased pod resource limits (memory) in Helm chart and redeployed.,225
INC-1197,2025-12-02 21:02:54,Analytics-Worker,Database Error,Connections refused by the primary database.,Network partition between primary and secondary availability zones.,Killed the blocking database queries and added missing indexes.,8
INC-1398,2025-12-03 09:00:54,Frontend-UI,Performance Degradation,Pods are stuck in CrashLoopBackOff state.,Surge in unexpected traffic overwhelmed the service capacity.,Implemented exponential backoff and contacted vendor for quota increase.,68
INC-1042,2025-12-03 09:57:54,Frontend-UI,Deployment Failure,SSL Certificate expiration warning.,Missing index on newly deployed database table causing full table scans.,Scaled up replicas from 3 to 10 to handle the load.,157
INC-1126,2025-12-04 18:33:54,Auth-Service,Database Error,Connections refused by the primary database.,Upstream API dependency rate-limited our service requests.,Renewed and deployed updated TLS certificates via Let's Encrypt.,63
INC-1067,2025-12-04 23:00:54,Redis-Cache,Service Outage,API response times exceeded 2000ms threshold.,CI/CD runner ran out of disk space during docker build.,Flushed Redis cache and restarted worker instances.,52
INC-1118,2025-12-05 01:32:54,Analytics-Worker,Database Error,502 Bad Gateway errors observed from load balancer.,"Log rotation failed, filling up disk space.","Cleared old logs, freed 20GB, and fixed logrotate cron job.",26
INC-1368,2025-12-05 21:23:54,Frontend-UI,Network Timeout,Connections refused by the primary database.,Expired TLS certificate on internal load balancer.,Implemented exponential backoff and contacted vendor for quota increase.,92
INC-1233,2025-12-06 13:04:54,Payment-Gateway,Service Outage,Connections refused by the primary database.,Surge in unexpected traffic overwhelmed the service capacity.,Scaled up replicas from 3 to 10 to handle the load.,42
INC-1166,2025-12-06 19:13:54,Analytics-Worker,Database Error,Disk space critical: > 95% utilized on /var/log.,Memory limits set too low in Kubernetes deployment manifests.,Restarted kubelet service on affected worker nodes.,151
INC-1386,2025-12-07 15:46:54,User-API,Performance Degradation,Redis cache eviction rate spiked.,Network partition between primary and secondary availability zones.,Flushed Redis cache and restarted worker instances.,69
INC-1304,2025-12-09 20:56:54,Kafka-Cluster,Performance Degradation,Pods are stuck in CrashLoopBackOff state.,CI/CD runner ran out of disk space during docker build.,Scaled up replicas from 3 to 10 to handle the load.,160
INC-1464,2025-12-10 14:56:54,Auth-Service,Service Outage,DNS resolution failures in internal VPC.,Missing index on newly deployed database table causing full table scans.,Corrected the AWS security group rules to allow port 443.,17
INC-1091,2025-12-11 14:22:54,Analytics-Worker,Database Error,Redis cache eviction rate spiked.,Surge in unexpected traffic overwhelmed the service capacity.,Increased pod resource limits (memory) in Helm chart and redeployed.,163
INC-1234,2025-12-11 19:03:54,CI/CD Pipeline,Service Outage,502 Bad Gateway errors observed from load balancer.,Missing index on newly deployed database table causing full table scans.,Implemented exponential backoff and contacted vendor for quota increase.,144
INC-1026,2025-12-11 22:53:54,Redis-Cache,Performance Degradation,502 Bad Gateway errors observed from load balancer.,Misconfigured security group blocked inter-node traffic.,Cleared docker builder cache and expanded runner EBS volume.,184
INC-1106,2025-12-11 23:51:54,Auth-Service,Database Error,Memory leak causing OOM (Out of Memory) kills.,Missing index on newly deployed database table causing full table scans.,Rolled back to the previous stable release and initiated RCA.,164
INC-1133,2025-12-12 21:22:54,User-API,Database Error,Disk space critical: > 95% utilized on /var/log.,Deadlock in concurrent transaction processing.,Restarted kubelet service on affected worker nodes.,176
INC-1063,2025-12-14 09:06:54,Redis-Cache,Performance Degradation,Redis cache eviction rate spiked.,Network partition between primary and secondary availability zones.,Rolled back to the previous stable release and initiated RCA.,113
INC-1284,2025-12-14 18:40:54,Auth-Service,Security Alert,Pods are stuck in CrashLoopBackOff state.,Surge in unexpected traffic overwhelmed the service capacity.,Increased pod resource limits (memory) in Helm chart and redeployed.,59
INC-1361,2025-12-14 21:46:54,Redis-Cache,Service Outage,Kafka consumer lag building up beyond alerting threshold.,Surge in unexpected traffic overwhelmed the service capacity.,Scaled up replicas from 3 to 10 to handle the load.,157
INC-1383,2025-12-15 14:25:54,Auth-Service,Security Alert,Redis cache eviction rate spiked.,Network partition between primary and secondary availability zones.,Killed the blocking database queries and added missing indexes.,90
INC-1023,2025-12-15 23:55:54,Frontend-UI,Deployment Failure,Redis cache eviction rate spiked.,Recent deployment introduced a memory leak.,Scaled up replicas from 3 to 10 to handle the load.,98
INC-1399,2025-12-16 04:34:54,Inventory-DB,Deployment Failure,API response times exceeded 2000ms threshold.,Expired TLS certificate on internal load balancer.,Cleared docker builder cache and expanded runner EBS volume.,213
INC-1110,2025-12-16 21:05:54,Redis-Cache,Network Timeout,Database replication lag exceeded 5 minutes.,"Log rotation failed, filling up disk space.",Rolled back to the previous stable release and initiated RCA.,73
INC-1022,2025-12-17 02:27:54,CI/CD Pipeline,Service Outage,Disk space critical: > 95% utilized on /var/log.,Surge in unexpected traffic overwhelmed the service capacity.,Rebooted unresponsive nodes and cordoned them for investigation.,102
INC-1049,2025-12-17 05:03:54,Inventory-DB,Performance Degradation,502 Bad Gateway errors observed from load balancer.,Missing index on newly deployed database table causing full table scans.,Rolled back to the previous stable release and initiated RCA.,169
INC-1044,2025-12-17 16:21:54,Inventory-DB,Resource Exhaustion,Redis cache eviction rate spiked.,Deadlock in concurrent transaction processing.,"Cleared old logs, freed 20GB, and fixed logrotate cron job.",141
INC-1200,2025-12-19 10:47:54,Analytics-Worker,Database Error,High CPU utilization detected on primary nodes.,Expired TLS certificate on internal load balancer.,Scaled up replicas from 3 to 10 to handle the load.,79
INC-1223,2025-12-20 02:54:54,Inventory-DB,Deployment Failure,Memory leak causing OOM (Out of Memory) kills.,"Log rotation failed, filling up disk space.",Rebooted unresponsive nodes and cordoned them for investigation.,100
INC-1473,2025-12-23 01:10:54,CI/CD Pipeline,Security Alert,High number of 5xx errors from backend services.,Upstream API dependency rate-limited our service requests.,Rolled back to the previous stable release and initiated RCA.,113
INC-1222,2025-12-23 07:06:54,User-API,Performance Degradation,High number of 5xx errors from backend services.,Surge in unexpected traffic overwhelmed the service capacity.,Cleared docker builder cache and expanded runner EBS volume.,237
INC-1462,2025-12-23 23:40:54,Payment-Gateway,Security Alert,SSL Certificate expiration warning.,Expired TLS certificate on internal load balancer.,Renewed and deployed updated TLS certificates via Let's Encrypt.,46
INC-1035,2025-12-26 02:26:54,Analytics-Worker,Database Error,High CPU utilization detected on primary nodes.,Network partition between primary and secondary availability zones.,Cleared docker builder cache and expanded runner EBS volume.,11
INC-1256,2025-12-26 19:43:54,CI/CD Pipeline,Database Error,Memory leak causing OOM (Out of Memory) kills.,Upstream API dependency rate-limited our service requests.,Implemented exponential backoff and contacted vendor for quota increase.,182
INC-1084,2025-12-27 07:27:54,Payment-Gateway,Resource Exhaustion,Disk space critical: > 95% utilized on /var/log.,Deadlock in concurrent transaction processing.,Flushed Redis cache and restarted worker instances.,66
INC-1173,2025-12-28 01:37:54,CI/CD Pipeline,Performance Degradation,High CPU utilization detected on primary nodes.,Long-running queries locked database tables.,Restarted kubelet service on affected worker nodes.,131
INC-1400,2025-12-28 07:29:54,User-API,Service Outage,Disk space critical: > 95% utilized on /var/log.,Expired TLS certificate on internal load balancer.,Increased pod resource limits (memory) in Helm chart and redeployed.,54
INC-1058,2025-12-28 09:40:54,Redis-Cache,Service Outage,DNS resolution failures in internal VPC.,Misconfigured security group blocked inter-node traffic.,Rebooted unresponsive nodes and cordoned them for investigation.,236
INC-1485,2025-12-29 15:21:54,Analytics-Worker,Database Error,High number of 5xx errors from backend services.,Recent deployment introduced a memory leak.,Rebooted unresponsive nodes and cordoned them for investigation.,83
INC-1020,2025-12-29 22:29:54,Frontend-UI,Resource Exhaustion,Database replication lag exceeded 5 minutes.,Long-running queries locked database tables.,Increased pod resource limits (memory) in Helm chart and redeployed.,160
INC-1230,2025-12-30 07:18:54,Inventory-DB,Security Alert,High CPU utilization detected on primary nodes.,Surge in unexpected traffic overwhelmed the service capacity.,Renewed and deployed updated TLS certificates via Let's Encrypt.,185
INC-1180,2025-12-31 11:07:54,Kubernetes Cluster,Network Timeout,High CPU utilization detected on primary nodes.,Deadlock in concurrent transaction processing.,Restarted kubelet service on affected worker nodes.,127
INC-1308,2026-01-02 03:59:54,Redis-Cache,Performance Degradation,Database replication lag exceeded 5 minutes.,Memory limits set too low in Kubernetes deployment manifests.,Killed the blocking database queries and added missing indexes.,71
INC-1060,2026-01-02 20:29:54,Analytics-Worker,Network Timeout,High CPU utilization detected on primary nodes.,Upstream API dependency rate-limited our service requests.,Corrected the AWS security group rules to allow port 443.,123
INC-1319,2026-01-03 11:38:54,Redis-Cache,Service Outage,Memory leak causing OOM (Out of Memory) kills.,Network partition between primary and secondary availability zones.,Restarted kubelet service on affected worker nodes.,134
INC-1427,2026-01-04 20:03:54,Kubernetes Cluster,Service Outage,Disk space critical: > 95% utilized on /var/log.,Network partition between primary and secondary availability zones.,Rebooted unresponsive nodes and cordoned them for investigation.,120
INC-1220,2026-01-05 15:55:54,Redis-Cache,Resource Exhaustion,API response times exceeded 2000ms threshold.,Recent deployment introduced a memory leak.,Scaled up replicas from 3 to 10 to handle the load.,219
INC-1252,2026-01-05 23:41:54,Auth-Service,Service Outage,Jenkins build pipeline failing on integration tests.,Misconfigured security group blocked inter-node traffic.,Restarted kubelet service on affected worker nodes.,116
INC-1089,2026-01-09 13:40:54,Analytics-Worker,Service Outage,Connections refused by the primary database.,Upstream API dependency rate-limited our service requests.,"Cleared old logs, freed 20GB, and fixed logrotate cron job.",158
INC-1202,2026-01-10 02:59:54,Analytics-Worker,Resource Exhaustion,Memory leak causing OOM (Out of Memory) kills.,Long-running queries locked database tables.,Implemented exponential backoff and contacted vendor for quota increase.,189
INC-1170,2026-01-10 12:13:54,CI/CD Pipeline,Network Timeout,SSL Certificate expiration warning.,Recent deployment introduced a memory leak.,Rebooted unresponsive nodes and cordoned them for investigation.,95
INC-1047,2026-01-11 15:14:54,User-API,Deployment Failure,Memory leak causing OOM (Out of Memory) kills.,Recent deployment introduced a memory leak.,Restarted kubelet service on affected worker nodes.,47
INC-1216,2026-01-12 03:28:54,Kubernetes Cluster,Security Alert,Database replication lag exceeded 5 minutes.,Expired TLS certificate on internal load balancer.,Renewed and deployed updated TLS certificates via Let's Encrypt.,206
INC-1138,2026-01-12 21:35:54,Analytics-Worker,Performance Degradation,High CPU utilization detected on primary nodes.,Deadlock in concurrent transaction processing.,Restarted kubelet service on affected worker nodes.,79
INC-1396,2026-01-13 00:53:54,Kubernetes Cluster,Performance Degradation,High CPU utilization detected on primary nodes.,Missing index on newly deployed database table causing full table scans.,Restarted kubelet service on affected worker nodes.,137
INC-1064,2026-01-13 01:39:54,Analytics-Worker,Resource Exhaustion,Pods are stuck in CrashLoopBackOff state.,Surge in unexpected traffic overwhelmed the service capacity.,Killed the blocking database queries and added missing indexes.,37
INC-1315,2026-01-13 11:12:54,Analytics-Worker,Resource Exhaustion,High number of 5xx errors from backend services.,Deadlock in concurrent transaction processing.,Killed the blocking database queries and added missing indexes.,110
INC-1198,2026-01-14 14:33:54,Kubernetes Cluster,Database Error,Memory leak causing OOM (Out of Memory) kills.,"Log rotation failed, filling up disk space.",Renewed and deployed updated TLS certificates via Let's Encrypt.,231
INC-1336,2026-01-15 17:28:54,Inventory-DB,Service Outage,Memory leak causing OOM (Out of Memory) kills.,Misconfigured security group blocked inter-node traffic.,Cleared docker builder cache and expanded runner EBS volume.,222
INC-1458,2026-01-15 22:46:54,Auth-Service,Deployment Failure,Pods are stuck in CrashLoopBackOff state.,Expired TLS certificate on internal load balancer.,Renewed and deployed updated TLS certificates via Let's Encrypt.,140
INC-1337,2026-01-16 02:17:54,Kafka-Cluster,Deployment Failure,DNS resolution failures in internal VPC.,CI/CD runner ran out of disk space during docker build.,Renewed and deployed updated TLS certificates via Let's Encrypt.,158
INC-1016,2026-01-16 11:08:54,Kubernetes Cluster,Database Error,Disk space critical: > 95% utilized on /var/log.,Surge in unexpected traffic overwhelmed the service capacity.,Killed the blocking database queries and added missing indexes.,35
INC-1116,2026-01-17 18:57:54,Analytics-Worker,Service Outage,Kafka consumer lag building up beyond alerting threshold.,Surge in unexpected traffic overwhelmed the service capacity.,Implemented exponential backoff and contacted vendor for quota increase.,57
INC-1153,2026-01-17 19:05:54,Analytics-Worker,Deployment Failure,Jenkins build pipeline failing on integration tests.,Deadlock in concurrent transaction processing.,Cleared docker builder cache and expanded runner EBS volume.,172
INC-1481,2026-01-17 21:49:54,CI/CD Pipeline,Service Outage,Memory leak causing OOM (Out of Memory) kills.,Network partition between primary and secondary availability zones.,Scaled up replicas from 3 to 10 to handle the load.,206
INC-1419,2026-01-18 12:14:54,Kafka-Cluster,Database Error,DNS resolution failures in internal VPC.,"Log rotation failed, filling up disk space.",Renewed and deployed updated TLS certificates via Let's Encrypt.,65
INC-1272,2026-01-19 02:39:54,Frontend-UI,Security Alert,SSL Certificate expiration warning.,Recent deployment introduced a memory leak.,Corrected the AWS security group rules to allow port 443.,122
INC-1491,2026-01-20 15:27:54,Kafka-Cluster,Network Timeout,Memory leak causing OOM (Out of Memory) kills.,Expired TLS certificate on internal load balancer.,Restarted kubelet service on affected worker nodes.,81
INC-1465,2026-01-21 05:03:54,Kubernetes Cluster,Network Timeout,Database replication lag exceeded 5 minutes.,Surge in unexpected traffic overwhelmed the service capacity.,Rebooted unresponsive nodes and cordoned them for investigation.,51
INC-1227,2026-01-21 05:15:54,User-API,Performance Degradation,Redis cache eviction rate spiked.,Misconfigured security group blocked inter-node traffic.,Increased pod resource limits (memory) in Helm chart and redeployed.,125
INC-1179,2026-01-21 08:18:54,Analytics-Worker,Resource Exhaustion,API response times exceeded 2000ms threshold.,Recent deployment introduced a memory leak.,Implemented exponential backoff and contacted vendor for quota increase.,8
INC-1445,2026-01-21 12:26:54,Payment-Gateway,Service Outage,Jenkins build pipeline failing on integration tests.,Surge in unexpected traffic overwhelmed the service capacity.,Implemented exponential backoff and contacted vendor for quota increase.,155
INC-1254,2026-01-21 21:04:54,Kafka-Cluster,Service Outage,Database replication lag exceeded 5 minutes.,CI/CD runner ran out of disk space during docker build.,Killed the blocking database queries and added missing indexes.,207
INC-1104,2026-01-22 02:51:54,Payment-Gateway,Network Timeout,Redis cache eviction rate spiked.,Missing index on newly deployed database table causing full table scans.,Implemented exponential backoff and contacted vendor for quota increase.,73
INC-1192,2026-01-22 10:53:54,CI/CD Pipeline,Resource Exhaustion,Kafka consumer lag building up beyond alerting threshold.,Misconfigured security group blocked inter-node traffic.,Increased pod resource limits (memory) in Helm chart and redeployed.,36
INC-1093,2026-01-22 16:49:54,Auth-Service,Service Outage,High CPU utilization detected on primary nodes.,Recent deployment introduced a memory leak.,Renewed and deployed updated TLS certificates via Let's Encrypt.,33
INC-1188,2026-01-26 10:22:54,Kubernetes Cluster,Resource Exhaustion,Memory leak causing OOM (Out of Memory) kills.,Network partition between primary and secondary availability zones.,Restarted kubelet service on affected worker nodes.,193
INC-1065,2026-01-26 10:34:54,Kafka-Cluster,Service Outage,Jenkins build pipeline failing on integration tests.,Surge in unexpected traffic overwhelmed the service capacity.,Restarted kubelet service on affected worker nodes.,100
INC-1159,2026-01-27 20:34:54,Payment-Gateway,Deployment Failure,High CPU utilization detected on primary nodes.,Memory limits set too low in Kubernetes deployment manifests.,Rolled back to the previous stable release and initiated RCA.,235
INC-1136,2026-01-29 15:20:54,Kafka-Cluster,Deployment Failure,Pods are stuck in CrashLoopBackOff state.,Expired TLS certificate on internal load balancer.,Cleared docker builder cache and expanded runner EBS volume.,59
INC-1213,2026-01-30 03:28:54,Auth-Service,Performance Degradation,Kafka consumer lag building up beyond alerting threshold.,Expired TLS certificate on internal load balancer.,Flushed Redis cache and restarted worker instances.,157
INC-1490,2026-01-31 18:58:54,Auth-Service,Deployment Failure,Redis cache eviction rate spiked.,"Log rotation failed, filling up disk space.",Killed the blocking database queries and added missing indexes.,146
INC-1311,2026-02-01 01:48:54,Frontend-UI,Deployment Failure,High CPU utilization detected on primary nodes.,Network partition between primary and secondary availability zones.,Cleared docker builder cache and expanded runner EBS volume.,46
INC-1487,2026-02-01 11:34:54,User-API,Security Alert,Connections refused by the primary database.,Network partition between primary and secondary availability zones.,Rolled back to the previous stable release and initiated RCA.,10
INC-1388,2026-02-01 12:04:54,Kubernetes Cluster,Resource Exhaustion,Kafka consumer lag building up beyond alerting threshold.,Surge in unexpected traffic overwhelmed the service capacity.,Killed the blocking database queries and added missing indexes.,38
INC-1244,2026-02-01 15:52:54,Analytics-Worker,Resource Exhaustion,SSL Certificate expiration warning.,CI/CD runner ran out of disk space during docker build.,Rebooted unresponsive nodes and cordoned them for investigation.,186
INC-1283,2026-02-02 11:00:54,User-API,Performance Degradation,Memory leak causing OOM (Out of Memory) kills.,Misconfigured security group blocked inter-node traffic.,Scaled up replicas from 3 to 10 to handle the load.,107
INC-1271,2026-02-02 14:54:54,CI/CD Pipeline,Performance Degradation,Disk space critical: > 95% utilized on /var/log.,Memory limits set too low in Kubernetes deployment manifests.,Implemented exponential backoff and contacted vendor for quota increase.,132
INC-1068,2026-02-03 12:44:54,Analytics-Worker,Performance Degradation,High CPU utilization detected on primary nodes.,Expired TLS certificate on internal load balancer.,Cleared docker builder cache and expanded runner EBS volume.,14
INC-1484,2026-02-04 02:19:54,Kafka-Cluster,Deployment Failure,Pods are stuck in CrashLoopBackOff state.,CI/CD runner ran out of disk space during docker build.,Rebooted unresponsive nodes and cordoned them for investigation.,101
INC-1225,2026-02-06 07:35:54,Kafka-Cluster,Performance Degradation,High CPU utilization detected on primary nodes.,Network partition between primary and secondary availability zones.,Renewed and deployed updated TLS certificates via Let's Encrypt.,218
INC-1393,2026-02-06 11:44:54,Kubernetes Cluster,Network Timeout,API response times exceeded 2000ms threshold.,Memory limits set too low in Kubernetes deployment manifests.,Implemented exponential backoff and contacted vendor for quota increase.,38
INC-1478,2026-02-07 10:35:54,CI/CD Pipeline,Database Error,Disk space critical: > 95% utilized on /var/log.,Surge in unexpected traffic overwhelmed the service capacity.,Implemented exponential backoff and contacted vendor for quota increase.,90
INC-1423,2026-02-08 13:02:54,Kafka-Cluster,Performance Degradation,SSL Certificate expiration warning.,Misconfigured security group blocked inter-node traffic.,Rolled back to the previous stable release and initiated RCA.,206
INC-1139,2026-02-08 13:56:54,User-API,Network Timeout,Kafka consumer lag building up beyond alerting threshold.,Expired TLS certificate on internal load balancer.,Increased pod resource limits (memory) in Helm chart and redeployed.,31
INC-1349,2026-02-09 02:20:54,CI/CD Pipeline,Database Error,Redis cache eviction rate spiked.,Expired TLS certificate on internal load balancer.,Corrected the AWS security group rules to allow port 443.,14
INC-1480,2026-02-11 12:57:54,Analytics-Worker,Security Alert,High number of 5xx errors from backend services.,Long-running queries locked database tables.,Cleared docker builder cache and expanded runner EBS volume.,161
INC-1358,2026-02-11 13:46:54,User-API,Database Error,Kafka consumer lag building up beyond alerting threshold.,Deadlock in concurrent transaction processing.,"Cleared old logs, freed 20GB, and fixed logrotate cron job.",151
INC-1085,2026-02-13 04:14:54,Kubernetes Cluster,Resource Exhaustion,SSL Certificate expiration warning.,Misconfigured security group blocked inter-node traffic.,Killed the blocking database queries and added missing indexes.,202
INC-1415,2026-02-13 11:42:54,Kubernetes Cluster,Service Outage,Redis cache eviction rate spiked.,Misconfigured security group blocked inter-node traffic.,Renewed and deployed updated TLS certificates via Let's Encrypt.,114
INC-1226,2026-02-15 10:15:54,User-API,Database Error,Disk space critical: > 95% utilized on /var/log.,"Log rotation failed, filling up disk space.",Killed the blocking database queries and added missing indexes.,234
INC-1036,2026-02-15 21:14:54,Kafka-Cluster,Performance Degradation,Pods are stuck in CrashLoopBackOff state.,Deadlock in concurrent transaction processing.,Corrected the AWS security group rules to allow port 443.,80
INC-1375,2026-02-16 14:26:54,Analytics-Worker,Security Alert,DNS resolution failures in internal VPC.,Network partition between primary and secondary availability zones.,Restarted kubelet service on affected worker nodes.,152
INC-1306,2026-02-17 02:16:54,Frontend-UI,Network Timeout,Disk space critical: > 95% utilized on /var/log.,Surge in unexpected traffic overwhelmed the service capacity.,Scaled up replicas from 3 to 10 to handle the load.,235
INC-1426,2026-02-17 19:56:54,User-API,Deployment Failure,Kafka consumer lag building up beyond alerting threshold.,Surge in unexpected traffic overwhelmed the service capacity.,Rolled back to the previous stable release and initiated RCA.,77
INC-1051,2026-02-18 17:36:54,Redis-Cache,Network Timeout,Kafka consumer lag building up beyond alerting threshold.,Missing index on newly deployed database table causing full table scans.,Corrected the AWS security group rules to allow port 443.,59
INC-1492,2026-02-19 02:27:54,User-API,Network Timeout,Memory leak causing OOM (Out of Memory) kills.,Memory limits set too low in Kubernetes deployment manifests.,Implemented exponential backoff and contacted vendor for quota increase.,6
INC-1274,2026-02-19 15:34:54,Kafka-Cluster,Network Timeout,Redis cache eviction rate spiked.,Missing index on newly deployed database table causing full table scans.,Restarted kubelet service on affected worker nodes.,136
INC-1293,2026-02-20 00:27:54,Inventory-DB,Database Error,Jenkins build pipeline failing on integration tests.,Network partition between primary and secondary availability zones.,Restarted kubelet service on affected worker nodes.,138
INC-1347,2026-02-21 01:38:54,Frontend-UI,Network Timeout,502 Bad Gateway errors observed from load balancer.,Deadlock in concurrent transaction processing.,Cleared docker builder cache and expanded runner EBS volume.,152
INC-1488,2026-02-21 04:37:54,Inventory-DB,Security Alert,Pods are stuck in CrashLoopBackOff state.,Missing index on newly deployed database table causing full table scans.,Flushed Redis cache and restarted worker instances.,109
INC-1309,2026-02-21 05:13:54,CI/CD Pipeline,Performance Degradation,Database replication lag exceeded 5 minutes.,Upstream API dependency rate-limited our service requests.,Increased pod resource limits (memory) in Helm chart and redeployed.,35
INC-1329,2026-02-21 14:29:54,Inventory-DB,Network Timeout,Kafka consumer lag building up beyond alerting threshold.,"Log rotation failed, filling up disk space.",Rolled back to the previous stable release and initiated RCA.,169
INC-1160,2026-02-21 20:42:54,Kubernetes Cluster,Service Outage,API response times exceeded 2000ms threshold.,Recent deployment introduced a memory leak.,Flushed Redis cache and restarted worker instances.,118
INC-1241,2026-02-22 01:11:54,User-API,Resource Exhaustion,Redis cache eviction rate spiked.,Missing index on newly deployed database table causing full table scans.,Increased pod resource limits (memory) in Helm chart and redeployed.,193
INC-1195,2026-02-23 06:16:54,Inventory-DB,Database Error,Jenkins build pipeline failing on integration tests.,Upstream API dependency rate-limited our service requests.,Flushed Redis cache and restarted worker instances.,218
INC-1107,2026-02-25 00:29:54,Kubernetes Cluster,Service Outage,Pods are stuck in CrashLoopBackOff state.,Surge in unexpected traffic overwhelmed the service capacity.,Killed the blocking database queries and added missing indexes.,56
INC-1353,2026-02-25 02:03:54,Analytics-Worker,Deployment Failure,Memory leak causing OOM (Out of Memory) kills.,Memory limits set too low in Kubernetes deployment manifests.,Rebooted unresponsive nodes and cordoned them for investigation.,118
INC-1069,2026-02-25 18:17:54,Payment-Gateway,Security Alert,Disk space critical: > 95% utilized on /var/log.,CI/CD runner ran out of disk space during docker build.,Renewed and deployed updated TLS certificates via Let's Encrypt.,8
INC-1447,2026-02-25 22:40:54,Payment-Gateway,Performance Degradation,502 Bad Gateway errors observed from load balancer.,Missing index on newly deployed database table causing full table scans.,Killed the blocking database queries and added missing indexes.,29
INC-1010,2026-02-26 01:29:54,User-API,Performance Degradation,High CPU utilization detected on primary nodes.,Deadlock in concurrent transaction processing.,Restarted kubelet service on affected worker nodes.,53
INC-1006,2026-02-26 10:02:54,Redis-Cache,Security Alert,Kafka consumer lag building up beyond alerting threshold.,Missing index on newly deployed database table causing full table scans.,"Cleared old logs, freed 20GB, and fixed logrotate cron job.",88
INC-1003,2026-02-26 11:26:54,Payment-Gateway,Network Timeout,High number of 5xx errors from backend services.,Deadlock in concurrent transaction processing.,Scaled up replicas from 3 to 10 to handle the load.,28
INC-1455,2026-02-26 15:46:54,Payment-Gateway,Service Outage,Memory leak causing OOM (Out of Memory) kills.,Long-running queries locked database tables.,Increased pod resource limits (memory) in Helm chart and redeployed.,134
INC-1148,2026-02-27 03:22:54,Kafka-Cluster,Service Outage,Kafka consumer lag building up beyond alerting threshold.,Surge in unexpected traffic overwhelmed the service capacity.,Increased pod resource limits (memory) in Helm chart and redeployed.,146
INC-1251,2026-03-02 04:57:54,Payment-Gateway,Service Outage,SSL Certificate expiration warning.,Memory limits set too low in Kubernetes deployment manifests.,Corrected the AWS security group rules to allow port 443.,95
INC-1435,2026-03-02 13:23:54,Inventory-DB,Database Error,SSL Certificate expiration warning.,Upstream API dependency rate-limited our service requests.,Implemented exponential backoff and contacted vendor for quota increase.,19
INC-1040,2026-03-04 13:42:54,Redis-Cache,Resource Exhaustion,Jenkins build pipeline failing on integration tests.,Misconfigured security group blocked inter-node traffic.,"Cleared old logs, freed 20GB, and fixed logrotate cron job.",228
INC-1357,2026-03-05 18:38:54,Inventory-DB,Database Error,Connections refused by the primary database.,Missing index on newly deployed database table causing full table scans.,Increased pod resource limits (memory) in Helm chart and redeployed.,45
INC-1095,2026-03-05 20:00:54,Payment-Gateway,Performance Degradation,Database replication lag exceeded 5 minutes.,Network partition between primary and secondary availability zones.,Cleared docker builder cache and expanded runner EBS volume.,146
INC-1132,2026-03-06 02:45:54,Auth-Service,Performance Degradation,SSL Certificate expiration warning.,Long-running queries locked database tables.,Rebooted unresponsive nodes and cordoned them for investigation.,234
INC-1015,2026-03-06 04:08:54,Analytics-Worker,Network Timeout,Database replication lag exceeded 5 minutes.,"Log rotation failed, filling up disk space.",Corrected the AWS security group rules to allow port 443.,46
INC-1313,2026-03-07 09:31:54,Payment-Gateway,Database Error,Database replication lag exceeded 5 minutes.,Deadlock in concurrent transaction processing.,Cleared docker builder cache and expanded runner EBS volume.,211
INC-1094,2026-03-07 16:54:54,Inventory-DB,Deployment Failure,DNS resolution failures in internal VPC.,CI/CD runner ran out of disk space during docker build.,Implemented exponential backoff and contacted vendor for quota increase.,33
INC-1250,2026-03-08 00:34:54,CI/CD Pipeline,Performance Degradation,Kafka consumer lag building up beyond alerting threshold.,Misconfigured security group blocked inter-node traffic.,Rebooted unresponsive nodes and cordoned them for investigation.,93
INC-1339,2026-03-09 21:34:54,Kubernetes Cluster,Security Alert,Memory leak causing OOM (Out of Memory) kills.,Expired TLS certificate on internal load balancer.,Corrected the AWS security group rules to allow port 443.,93
INC-1384,2026-03-12 10:46:54,Frontend-UI,Security Alert,Redis cache eviction rate spiked.,Misconfigured security group blocked inter-node traffic.,Corrected the AWS security group rules to allow port 443.,81
INC-1324,2026-03-12 11:18:54,Analytics-Worker,Deployment Failure,Memory leak causing OOM (Out of Memory) kills.,Upstream API dependency rate-limited our service requests.,Cleared docker builder cache and expanded runner EBS volume.,152
INC-1261,2026-03-14 14:50:54,Inventory-DB,Network Timeout,Database replication lag exceeded 5 minutes.,CI/CD runner ran out of disk space during docker build.,Implemented exponential backoff and contacted vendor for quota increase.,91
INC-1237,2026-03-16 05:35:54,User-API,Service Outage,DNS resolution failures in internal VPC.,Misconfigured security group blocked inter-node traffic.,Scaled up replicas from 3 to 10 to handle the load.,56
INC-1008,2026-03-16 10:54:54,Auth-Service,Resource Exhaustion,SSL Certificate expiration warning.,Recent deployment introduced a memory leak.,Rolled back to the previous stable release and initiated RCA.,164
INC-1140,2026-03-17 03:21:54,Kafka-Cluster,Service Outage,SSL Certificate expiration warning.,Memory limits set too low in Kubernetes deployment manifests.,Renewed and deployed updated TLS certificates via Let's Encrypt.,37
INC-1115,2026-03-18 16:39:54,Kubernetes Cluster,Database Error,Pods are stuck in CrashLoopBackOff state.,Misconfigured security group blocked inter-node traffic.,Rolled back to the previous stable release and initiated RCA.,83
INC-1002,2026-03-19 00:47:54,CI/CD Pipeline,Service Outage,High number of 5xx errors from backend services.,Misconfigured security group blocked inter-node traffic.,Renewed and deployed updated TLS certificates via Let's Encrypt.,24
INC-1243,2026-03-19 19:02:54,CI/CD Pipeline,Service Outage,High CPU utilization detected on primary nodes.,Recent deployment introduced a memory leak.,"Cleared old logs, freed 20GB, and fixed logrotate cron job.",80
INC-1030,2026-03-20 18:50:54,CI/CD Pipeline,Database Error,Redis cache eviction rate spiked.,Deadlock in concurrent transaction processing.,Restarted kubelet service on affected worker nodes.,19
INC-1411,2026-03-21 15:02:54,Payment-Gateway,Network Timeout,High CPU utilization detected on primary nodes.,Upstream API dependency rate-limited our service requests.,Renewed and deployed updated TLS certificates via Let's Encrypt.,69
INC-1475,2026-03-22 17:03:54,Auth-Service,Network Timeout,Disk space critical: > 95% utilized on /var/log.,Missing index on newly deployed database table causing full table scans.,Rolled back to the previous stable release and initiated RCA.,33
INC-1371,2026-03-22 22:02:54,Frontend-UI,Resource Exhaustion,Memory leak causing OOM (Out of Memory) kills.,Expired TLS certificate on internal load balancer.,Rolled back to the previous stable release and initiated RCA.,134
INC-1055,2026-03-23 14:34:54,User-API,Deployment Failure,502 Bad Gateway errors observed from load balancer.,Misconfigured security group blocked inter-node traffic.,Scaled up replicas from 3 to 10 to handle the load.,72
INC-1125,2026-03-24 03:24:54,Kubernetes Cluster,Service Outage,High number of 5xx errors from backend services.,"Log rotation failed, filling up disk space.",Restarted kubelet service on affected worker nodes.,152
INC-1436,2026-03-25 08:34:54,Redis-Cache,Security Alert,Redis cache eviction rate spiked.,Long-running queries locked database tables.,Renewed and deployed updated TLS certificates via Let's Encrypt.,7
INC-1025,2026-03-25 21:25:54,Kafka-Cluster,Database Error,Pods are stuck in CrashLoopBackOff state.,Deadlock in concurrent transaction processing.,Scaled up replicas from 3 to 10 to handle the load.,135
INC-1092,2026-03-26 10:16:54,Frontend-UI,Deployment Failure,DNS resolution failures in internal VPC.,Memory limits set too low in Kubernetes deployment manifests.,Rolled back to the previous stable release and initiated RCA.,40
INC-1463,2026-03-31 09:54:54,Kafka-Cluster,Service Outage,Database replication lag exceeded 5 minutes.,CI/CD runner ran out of disk space during docker build.,Rebooted unresponsive nodes and cordoned them for investigation.,24
INC-1205,2026-03-31 18:07:54,Payment-Gateway,Service Outage,Memory leak causing OOM (Out of Memory) kills.,"Log rotation failed, filling up disk space.",Flushed Redis cache and restarted worker instances.,228
INC-1077,2026-03-31 23:22:54,Kafka-Cluster,Resource Exhaustion,Connections refused by the primary database.,Surge in unexpected traffic overwhelmed the service capacity.,Flushed Redis cache and restarted worker instances.,104
INC-1314,2026-04-01 21:53:54,Analytics-Worker,Security Alert,High number of 5xx errors from backend services.,Deadlock in concurrent transaction processing.,Killed the blocking database queries and added missing indexes.,33
INC-1268,2026-04-02 04:45:54,User-API,Service Outage,502 Bad Gateway errors observed from load balancer.,Surge in unexpected traffic overwhelmed the service capacity.,Flushed Redis cache and restarted worker instances.,122
INC-1363,2026-04-02 06:02:54,Auth-Service,Performance Degradation,SSL Certificate expiration warning.,Network partition between primary and secondary availability zones.,Flushed Redis cache and restarted worker instances.,198
INC-1184,2026-04-02 09:14:54,Analytics-Worker,Deployment Failure,SSL Certificate expiration warning.,Surge in unexpected traffic overwhelmed the service capacity.,Scaled up replicas from 3 to 10 to handle the load.,17
INC-1176,2026-04-02 18:02:54,Inventory-DB,Database Error,Jenkins build pipeline failing on integration tests.,Expired TLS certificate on internal load balancer.,Renewed and deployed updated TLS certificates via Let's Encrypt.,113
INC-1316,2026-04-03 04:57:54,Inventory-DB,Performance Degradation,Jenkins build pipeline failing on integration tests.,Surge in unexpected traffic overwhelmed the service capacity.,"Cleared old logs, freed 20GB, and fixed logrotate cron job.",64
INC-1459,2026-04-04 14:45:54,Kafka-Cluster,Network Timeout,Pods are stuck in CrashLoopBackOff state.,Expired TLS certificate on internal load balancer.,Corrected the AWS security group rules to allow port 443.,121
INC-1050,2026-04-06 03:19:54,Redis-Cache,Security Alert,Kafka consumer lag building up beyond alerting threshold.,Long-running queries locked database tables.,Cleared docker builder cache and expanded runner EBS volume.,97
INC-1267,2026-04-06 16:49:54,Payment-Gateway,Deployment Failure,Pods are stuck in CrashLoopBackOff state.,Missing index on newly deployed database table causing full table scans.,Scaled up replicas from 3 to 10 to handle the load.,64
INC-1378,2026-04-08 19:59:54,Analytics-Worker,Network Timeout,SSL Certificate expiration warning.,Upstream API dependency rate-limited our service requests.,Flushed Redis cache and restarted worker instances.,97
INC-1137,2026-04-10 09:35:54,Auth-Service,Database Error,DNS resolution failures in internal VPC.,Surge in unexpected traffic overwhelmed the service capacity.,"Cleared old logs, freed 20GB, and fixed logrotate cron job.",8
INC-1210,2026-04-11 07:50:54,User-API,Performance Degradation,High CPU utilization detected on primary nodes.,Network partition between primary and secondary availability zones.,Renewed and deployed updated TLS certificates via Let's Encrypt.,5
INC-1330,2026-04-12 14:28:54,CI/CD Pipeline,Network Timeout,Kafka consumer lag building up beyond alerting threshold.,Memory limits set too low in Kubernetes deployment manifests.,Renewed and deployed updated TLS certificates via Let's Encrypt.,7
INC-1100,2026-04-14 01:56:54,CI/CD Pipeline,Database Error,API response times exceeded 2000ms threshold.,Memory limits set too low in Kubernetes deployment manifests.,Renewed and deployed updated TLS certificates via Let's Encrypt.,224
INC-1263,2026-04-14 04:06:54,Analytics-Worker,Database Error,Redis cache eviction rate spiked.,Recent deployment introduced a memory leak.,Killed the blocking database queries and added missing indexes.,51
INC-1297,2026-04-14 08:00:54,Kafka-Cluster,Security Alert,Disk space critical: > 95% utilized on /var/log.,Missing index on newly deployed database table causing full table scans.,Implemented exponential backoff and contacted vendor for quota increase.,164
INC-1001,2026-04-14 11:54:54,Auth-Service,Service Outage,Redis cache eviction rate spiked.,Surge in unexpected traffic overwhelmed the service capacity.,Restarted kubelet service on affected worker nodes.,207
INC-1312,2026-04-15 05:09:54,Kafka-Cluster,Performance Degradation,502 Bad Gateway errors observed from load balancer.,Network partition between primary and secondary availability zones.,Cleared docker builder cache and expanded runner EBS volume.,219
INC-1342,2026-04-15 17:34:54,Auth-Service,Database Error,Pods are stuck in CrashLoopBackOff state.,Memory limits set too low in Kubernetes deployment manifests.,Restarted kubelet service on affected worker nodes.,139
INC-1017,2026-04-17 05:24:54,Payment-Gateway,Resource Exhaustion,Connections refused by the primary database.,Recent deployment introduced a memory leak.,Rebooted unresponsive nodes and cordoned them for investigation.,158
INC-1066,2026-04-17 09:21:54,Analytics-Worker,Performance Degradation,Kafka consumer lag building up beyond alerting threshold.,Network partition between primary and secondary availability zones.,Scaled up replicas from 3 to 10 to handle the load.,183
INC-1470,2026-04-17 19:04:54,CI/CD Pipeline,Network Timeout,API response times exceeded 2000ms threshold.,CI/CD runner ran out of disk space during docker build.,Flushed Redis cache and restarted worker instances.,206
INC-1420,2026-04-18 08:03:54,Kubernetes Cluster,Security Alert,DNS resolution failures in internal VPC.,Missing index on newly deployed database table causing full table scans.,Restarted kubelet service on affected worker nodes.,186
INC-1318,2026-04-18 10:12:54,Redis-Cache,Database Error,Database replication lag exceeded 5 minutes.,Deadlock in concurrent transaction processing.,Renewed and deployed updated TLS certificates via Let's Encrypt.,137
INC-1474,2026-04-18 22:46:54,CI/CD Pipeline,Performance Degradation,Disk space critical: > 95% utilized on /var/log.,Misconfigured security group blocked inter-node traffic.,Implemented exponential backoff and contacted vendor for quota increase.,70
INC-1382,2026-04-20 01:19:54,Kafka-Cluster,Resource Exhaustion,Jenkins build pipeline failing on integration tests.,Expired TLS certificate on internal load balancer.,Implemented exponential backoff and contacted vendor for quota increase.,184
INC-1219,2026-04-21 11:39:54,Inventory-DB,Deployment Failure,High number of 5xx errors from backend services.,Surge in unexpected traffic overwhelmed the service capacity.,"Cleared old logs, freed 20GB, and fixed logrotate cron job.",159
INC-1046,2026-04-21 20:08:54,Analytics-Worker,Network Timeout,Connections refused by the primary database.,"Log rotation failed, filling up disk space.",Scaled up replicas from 3 to 10 to handle the load.,174
INC-1165,2026-04-23 04:21:54,CI/CD Pipeline,Security Alert,Memory leak causing OOM (Out of Memory) kills.,Deadlock in concurrent transaction processing.,Rolled back to the previous stable release and initiated RCA.,41
INC-1031,2026-04-23 13:05:54,Kubernetes Cluster,Database Error,502 Bad Gateway errors observed from load balancer.,Expired TLS certificate on internal load balancer.,Rolled back to the previous stable release and initiated RCA.,118
INC-1206,2026-04-23 13:46:54,Analytics-Worker,Network Timeout,API response times exceeded 2000ms threshold.,CI/CD runner ran out of disk space during docker build.,Restarted kubelet service on affected worker nodes.,85
INC-1372,2026-04-23 18:33:54,Kubernetes Cluster,Performance Degradation,Redis cache eviction rate spiked.,Misconfigured security group blocked inter-node traffic.,Corrected the AWS security group rules to allow port 443.,89
INC-1266,2026-04-24 18:10:54,Inventory-DB,Security Alert,High number of 5xx errors from backend services.,Recent deployment introduced a memory leak.,"Cleared old logs, freed 20GB, and fixed logrotate cron job.",177
INC-1190,2026-04-25 21:02:54,Redis-Cache,Resource Exhaustion,Connections refused by the primary database.,Network partition between primary and secondary availability zones.,Implemented exponential backoff and contacted vendor for quota increase.,26
INC-1418,2026-04-26 08:50:54,Kubernetes Cluster,Security Alert,Pods are stuck in CrashLoopBackOff state.,Recent deployment introduced a memory leak.,Killed the blocking database queries and added missing indexes.,198
INC-1090,2026-04-28 19:53:54,User-API,Service Outage,Redis cache eviction rate spiked.,Expired TLS certificate on internal load balancer.,Corrected the AWS security group rules to allow port 443.,168
INC-1248,2026-04-28 20:28:54,Kafka-Cluster,Database Error,Kafka consumer lag building up beyond alerting threshold.,Memory limits set too low in Kubernetes deployment manifests.,"Cleared old logs, freed 20GB, and fixed logrotate cron job.",170
INC-1495,2026-04-29 03:04:54,Analytics-Worker,Database Error,Connections refused by the primary database.,Surge in unexpected traffic overwhelmed the service capacity.,Rolled back to the previous stable release and initiated RCA.,115
INC-1381,2026-04-30 13:24:54,Inventory-DB,Network Timeout,Database replication lag exceeded 5 minutes.,Surge in unexpected traffic overwhelmed the service capacity.,Increased pod resource limits (memory) in Helm chart and redeployed.,210
INC-1373,2026-04-30 20:19:54,Frontend-UI,Database Error,Disk space critical: > 95% utilized on /var/log.,Missing index on newly deployed database table causing full table scans.,Rolled back to the previous stable release and initiated RCA.,226
INC-1348,2026-05-01 05:40:54,Redis-Cache,Database Error,Jenkins build pipeline failing on integration tests.,CI/CD runner ran out of disk space during docker build.,Increased pod resource limits (memory) in Helm chart and redeployed.,200
INC-1088,2026-05-01 22:42:54,Analytics-Worker,Performance Degradation,Jenkins build pipeline failing on integration tests.,Surge in unexpected traffic overwhelmed the service capacity.,Flushed Redis cache and restarted worker instances.,54
INC-1285,2026-05-02 05:48:54,Analytics-Worker,Performance Degradation,Database replication lag exceeded 5 minutes.,Memory limits set too low in Kubernetes deployment manifests.,Restarted kubelet service on affected worker nodes.,74
INC-1428,2026-05-02 17:13:54,CI/CD Pipeline,Deployment Failure,Database replication lag exceeded 5 minutes.,Memory limits set too low in Kubernetes deployment manifests.,"Cleared old logs, freed 20GB, and fixed logrotate cron job.",5
INC-1421,2026-05-04 01:16:54,Analytics-Worker,Security Alert,Disk space critical: > 95% utilized on /var/log.,"Log rotation failed, filling up disk space.",Scaled up replicas from 3 to 10 to handle the load.,156
INC-1440,2026-05-04 08:20:54,Auth-Service,Performance Degradation,Memory leak causing OOM (Out of Memory) kills.,Deadlock in concurrent transaction processing.,Increased pod resource limits (memory) in Helm chart and redeployed.,84
INC-1392,2026-05-04 10:22:54,Kubernetes Cluster,Database Error,Kafka consumer lag building up beyond alerting threshold.,Recent deployment introduced a memory leak.,Renewed and deployed updated TLS certificates via Let's Encrypt.,86
INC-1496,2026-05-06 02:10:54,Kubernetes Cluster,Resource Exhaustion,Pods are stuck in CrashLoopBackOff state.,Memory limits set too low in Kubernetes deployment manifests.,Implemented exponential backoff and contacted vendor for quota increase.,91
INC-1102,2026-05-06 02:29:54,Redis-Cache,Network Timeout,SSL Certificate expiration warning.,Recent deployment introduced a memory leak.,Corrected the AWS security group rules to allow port 443.,182
INC-1113,2026-05-06 06:03:54,Kafka-Cluster,Performance Degradation,Disk space critical: > 95% utilized on /var/log.,Surge in unexpected traffic overwhelmed the service capacity.,Flushed Redis cache and restarted worker instances.,15
INC-1083,2026-05-07 23:07:54,User-API,Service Outage,SSL Certificate expiration warning.,Missing index on newly deployed database table causing full table scans.,Renewed and deployed updated TLS certificates via Let's Encrypt.,170
INC-1406,2026-05-08 05:48:54,User-API,Database Error,DNS resolution failures in internal VPC.,CI/CD runner ran out of disk space during docker build.,Renewed and deployed updated TLS certificates via Let's Encrypt.,5
INC-1377,2026-05-08 13:37:54,Kubernetes Cluster,Resource Exhaustion,Disk space critical: > 95% utilized on /var/log.,Deadlock in concurrent transaction processing.,Corrected the AWS security group rules to allow port 443.,15
INC-1164,2026-05-08 19:42:54,Frontend-UI,Database Error,Disk space critical: > 95% utilized on /var/log.,Upstream API dependency rate-limited our service requests.,Flushed Redis cache and restarted worker instances.,173
INC-1103,2026-05-08 23:37:54,Kubernetes Cluster,Network Timeout,Disk space critical: > 95% utilized on /var/log.,"Log rotation failed, filling up disk space.",Rolled back to the previous stable release and initiated RCA.,113
INC-1279,2026-05-09 18:53:54,Payment-Gateway,Service Outage,502 Bad Gateway errors observed from load balancer.,Deadlock in concurrent transaction processing.,Flushed Redis cache and restarted worker instances.,54
INC-1127,2026-05-10 03:14:54,Inventory-DB,Resource Exhaustion,SSL Certificate expiration warning.,Deadlock in concurrent transaction processing.,Rolled back to the previous stable release and initiated RCA.,157
INC-1255,2026-05-10 18:54:54,Inventory-DB,Security Alert,Kafka consumer lag building up beyond alerting threshold.,"Log rotation failed, filling up disk space.",Rolled back to the previous stable release and initiated RCA.,219
INC-1412,2026-05-11 23:05:54,Kafka-Cluster,Database Error,Pods are stuck in CrashLoopBackOff state.,Misconfigured security group blocked inter-node traffic.,Corrected the AWS security group rules to allow port 443.,145
INC-1376,2026-05-12 15:18:54,Frontend-UI,Security Alert,SSL Certificate expiration warning.,Expired TLS certificate on internal load balancer.,Killed the blocking database queries and added missing indexes.,29
INC-1389,2026-05-12 23:17:54,Auth-Service,Performance Degradation,Pods are stuck in CrashLoopBackOff state.,Memory limits set too low in Kubernetes deployment manifests.,Increased pod resource limits (memory) in Helm chart and redeployed.,125
INC-1111,2026-05-13 17:10:54,Payment-Gateway,Security Alert,High number of 5xx errors from backend services.,Recent deployment introduced a memory leak.,Corrected the AWS security group rules to allow port 443.,61
INC-1430,2026-05-13 18:54:54,Auth-Service,Database Error,SSL Certificate expiration warning.,Misconfigured security group blocked inter-node traffic.,Implemented exponential backoff and contacted vendor for quota increase.,108
INC-1038,2026-05-14 12:43:54,Redis-Cache,Service Outage,API response times exceeded 2000ms threshold.,Deadlock in concurrent transaction processing.,Rolled back to the previous stable release and initiated RCA.,113
INC-1476,2026-05-14 15:44:54,Auth-Service,Network Timeout,API response times exceeded 2000ms threshold.,Memory limits set too low in Kubernetes deployment manifests.,Rebooted unresponsive nodes and cordoned them for investigation.,164
INC-1422,2026-05-15 02:20:54,Kafka-Cluster,Network Timeout,Database replication lag exceeded 5 minutes.,CI/CD runner ran out of disk space during docker build.,Increased pod resource limits (memory) in Helm chart and redeployed.,57
INC-1172,2026-05-15 09:51:54,Frontend-UI,Resource Exhaustion,Pods are stuck in CrashLoopBackOff state.,Expired TLS certificate on internal load balancer.,Flushed Redis cache and restarted worker instances.,54
INC-1075,2026-05-15 14:09:54,Payment-Gateway,Performance Degradation,Memory leak causing OOM (Out of Memory) kills.,Memory limits set too low in Kubernetes deployment manifests.,Rebooted unresponsive nodes and cordoned them for investigation.,214
INC-1303,2026-05-15 17:35:54,CI/CD Pipeline,Database Error,DNS resolution failures in internal VPC.,Upstream API dependency rate-limited our service requests.,Cleared docker builder cache and expanded runner EBS volume.,215
INC-1290,2026-05-16 00:16:54,Frontend-UI,Network Timeout,High CPU utilization detected on primary nodes.,Missing index on newly deployed database table causing full table scans.,Flushed Redis cache and restarted worker instances.,141
INC-1082,2026-05-16 01:17:54,Frontend-UI,Deployment Failure,Database replication lag exceeded 5 minutes.,Recent deployment introduced a memory leak.,Rebooted unresponsive nodes and cordoned them for investigation.,166
INC-1294,2026-05-16 05:35:54,User-API,Database Error,DNS resolution failures in internal VPC.,Deadlock in concurrent transaction processing.,Restarted kubelet service on affected worker nodes.,190
INC-1149,2026-05-16 15:51:54,Kubernetes Cluster,Resource Exhaustion,High CPU utilization detected on primary nodes.,Upstream API dependency rate-limited our service requests.,Rebooted unresponsive nodes and cordoned them for investigation.,116
INC-1041,2026-05-17 19:59:54,Auth-Service,Performance Degradation,Memory leak causing OOM (Out of Memory) kills.,Long-running queries locked database tables.,Scaled up replicas from 3 to 10 to handle the load.,138
INC-1171,2026-05-18 01:23:54,Analytics-Worker,Security Alert,API response times exceeded 2000ms threshold.,Surge in unexpected traffic overwhelmed the service capacity.,Scaled up replicas from 3 to 10 to handle the load.,240
INC-1310,2026-05-20 08:28:54,Frontend-UI,Database Error,API response times exceeded 2000ms threshold.,Missing index on newly deployed database table causing full table scans.,Cleared docker builder cache and expanded runner EBS volume.,208
INC-1101,2026-05-20 14:15:54,Kafka-Cluster,Deployment Failure,High CPU utilization detected on primary nodes.,Network partition between primary and secondary availability zones.,Killed the blocking database queries and added missing indexes.,46
INC-1500,2026-05-22 03:54:54,Kafka-Cluster,Performance Degradation,Redis cache eviction rate spiked.,Surge in unexpected traffic overwhelmed the service capacity.,Scaled up replicas from 3 to 10 to handle the load.,22
INC-1217,2026-05-23 10:18:54,Redis-Cache,Deployment Failure,Memory leak causing OOM (Out of Memory) kills.,Surge in unexpected traffic overwhelmed the service capacity.,Scaled up replicas from 3 to 10 to handle the load.,53
INC-1322,2026-05-23 23:47:54,Redis-Cache,Resource Exhaustion,Pods are stuck in CrashLoopBackOff state.,"Log rotation failed, filling up disk space.",Cleared docker builder cache and expanded runner EBS volume.,188
INC-1175,2026-05-24 15:16:54,Inventory-DB,Deployment Failure,Pods are stuck in CrashLoopBackOff state.,Memory limits set too low in Kubernetes deployment manifests.,Scaled up replicas from 3 to 10 to handle the load.,18
INC-1071,2026-05-24 16:52:54,User-API,Resource Exhaustion,Disk space critical: > 95% utilized on /var/log.,Deadlock in concurrent transaction processing.,Restarted kubelet service on affected worker nodes.,38
INC-1402,2026-05-25 02:47:54,Kafka-Cluster,Service Outage,Disk space critical: > 95% utilized on /var/log.,Network partition between primary and secondary availability zones.,Implemented exponential backoff and contacted vendor for quota increase.,194
INC-1009,2026-05-25 21:02:54,Redis-Cache,Security Alert,Connections refused by the primary database.,Deadlock in concurrent transaction processing.,Implemented exponential backoff and contacted vendor for quota increase.,173
INC-1258,2026-05-25 21:59:54,Kafka-Cluster,Performance Degradation,Database replication lag exceeded 5 minutes.,Missing index on newly deployed database table causing full table scans.,Scaled up replicas from 3 to 10 to handle the load.,95
INC-1305,2026-05-26 04:12:54,Frontend-UI,Security Alert,Jenkins build pipeline failing on integration tests.,Network partition between primary and secondary availability zones.,Rebooted unresponsive nodes and cordoned them for investigation.,67
INC-1235,2026-05-27 06:21:54,Kafka-Cluster,Database Error,502 Bad Gateway errors observed from load balancer.,Memory limits set too low in Kubernetes deployment manifests.,Cleared docker builder cache and expanded runner EBS volume.,82
INC-1105,2026-05-28 04:02:54,Payment-Gateway,Database Error,Memory leak causing OOM (Out of Memory) kills.,Upstream API dependency rate-limited our service requests.,Rebooted unresponsive nodes and cordoned them for investigation.,44
INC-1479,2026-05-28 21:37:54,Payment-Gateway,Database Error,Memory leak causing OOM (Out of Memory) kills.,Network partition between primary and secondary availability zones.,Increased pod resource limits (memory) in Helm chart and redeployed.,222
INC-1027,2026-05-29 20:53:54,Auth-Service,Security Alert,SSL Certificate expiration warning.,"Log rotation failed, filling up disk space.",Corrected the AWS security group rules to allow port 443.,78
INC-1325,2026-05-31 03:11:54,User-API,Resource Exhaustion,Memory leak causing OOM (Out of Memory) kills.,Surge in unexpected traffic overwhelmed the service capacity.,Implemented exponential backoff and contacted vendor for quota increase.,135
INC-1409,2026-06-02 02:59:54,Analytics-Worker,Service Outage,Database replication lag exceeded 5 minutes.,"Log rotation failed, filling up disk space.",Restarted kubelet service on affected worker nodes.,9
INC-1169,2026-06-02 07:44:54,Redis-Cache,Deployment Failure,Jenkins build pipeline failing on integration tests.,CI/CD runner ran out of disk space during docker build.,Renewed and deployed updated TLS certificates via Let's Encrypt.,172
INC-1289,2026-06-03 01:16:54,Analytics-Worker,Service Outage,Memory leak causing OOM (Out of Memory) kills.,Upstream API dependency rate-limited our service requests.,Scaled up replicas from 3 to 10 to handle the load.,124
INC-1441,2026-06-04 04:33:54,Kafka-Cluster,Performance Degradation,Kafka consumer lag building up beyond alerting threshold.,Upstream API dependency rate-limited our service requests.,Scaled up replicas from 3 to 10 to handle the load.,20
INC-1253,2026-06-04 22:25:54,Payment-Gateway,Service Outage,API response times exceeded 2000ms threshold.,Recent deployment introduced a memory leak.,Rebooted unresponsive nodes and cordoned them for investigation.,179
INC-1203,2026-06-05 03:16:54,Payment-Gateway,Database Error,Kafka consumer lag building up beyond alerting threshold.,Long-running queries locked database tables.,Rolled back to the previous stable release and initiated RCA.,126
INC-1360,2026-06-05 04:23:54,User-API,Service Outage,502 Bad Gateway errors observed from load balancer.,Recent deployment introduced a memory leak.,"Cleared old logs, freed 20GB, and fixed logrotate cron job.",207
INC-1014,2026-06-05 11:15:54,User-API,Network Timeout,Jenkins build pipeline failing on integration tests.,Long-running queries locked database tables.,Increased pod resource limits (memory) in Helm chart and redeployed.,7
INC-1281,2026-06-06 15:22:54,Analytics-Worker,Network Timeout,Jenkins build pipeline failing on integration tests.,Surge in unexpected traffic overwhelmed the service capacity.,Renewed and deployed updated TLS certificates via Let's Encrypt.,145
INC-1366,2026-06-06 23:57:54,Redis-Cache,Service Outage,502 Bad Gateway errors observed from load balancer.,Surge in unexpected traffic overwhelmed the service capacity.,Scaled up replicas from 3 to 10 to handle the load.,11
INC-1259,2026-06-07 07:15:54,User-API,Database Error,Disk space critical: > 95% utilized on /var/log.,Surge in unexpected traffic overwhelmed the service capacity.,Flushed Redis cache and restarted worker instances.,8
INC-1444,2026-06-07 17:50:54,Inventory-DB,Database Error,Disk space critical: > 95% utilized on /var/log.,Deadlock in concurrent transaction processing.,Restarted kubelet service on affected worker nodes.,11
INC-1260,2026-06-07 19:05:54,Kubernetes Cluster,Network Timeout,Redis cache eviction rate spiked.,Recent deployment introduced a memory leak.,Rebooted unresponsive nodes and cordoned them for investigation.,141
INC-1413,2026-06-09 08:29:54,Analytics-Worker,Database Error,Database replication lag exceeded 5 minutes.,"Log rotation failed, filling up disk space.",Increased pod resource limits (memory) in Helm chart and redeployed.,227
INC-1467,2026-06-09 18:02:54,Payment-Gateway,Resource Exhaustion,Database replication lag exceeded 5 minutes.,Upstream API dependency rate-limited our service requests.,Corrected the AWS security group rules to allow port 443.,25
INC-1471,2026-06-10 00:25:54,Frontend-UI,Deployment Failure,Memory leak causing OOM (Out of Memory) kills.,Network partition between primary and secondary availability zones.,Rolled back to the previous stable release and initiated RCA.,16
